solid 3D Shape01483602 A.1 
  facet normal 0.000000e+00 0.000000e+00 -1.000000e+00
    outer loop
      vertex 3.500000e+00 1.800000e+01 1.000000e+01
      vertex 3.500000e+00 2.000000e+01 1.000000e+01
      vertex 5.500000e+00 2.000000e+01 1.000000e+01
    endloop
  endfacet
  facet normal 0.000000e+00 0.000000e+00 -1.000000e+00
    outer loop
      vertex 1.500000e+00 1.612500e+01 1.000000e+01
      vertex 3.500000e+00 1.800000e+01 1.000000e+01
      vertex 1.500000e+00 1.600000e+01 1.000000e+01
    endloop
  endfacet
  facet normal 0.000000e+00 0.000000e+00 -1.000000e+00
    outer loop
      vertex 1.500000e+00 1.800000e+01 1.000000e+01
      vertex 3.500000e+00 1.800000e+01 1.000000e+01
      vertex 1.500000e+00 1.612500e+01 1.000000e+01
    endloop
  endfacet
  facet normal -0.000000e+00 -0.000000e+00 -1.000000e+00
    outer loop
      vertex 3.500000e+00 2.000000e+01 1.000000e+01
      vertex 3.500000e+00 1.800000e+01 1.000000e+01
      vertex 1.500000e+00 2.000000e+01 1.000000e+01
    endloop
  endfacet
  facet normal 0.000000e+00 0.000000e+00 -1.000000e+00
    outer loop
      vertex 1.500000e+00 2.000000e+01 1.000000e+01
      vertex 3.500000e+00 1.800000e+01 1.000000e+01
      vertex 1.500000e+00 1.800000e+01 1.000000e+01
    endloop
  endfacet
  facet normal 0.000000e+00 0.000000e+00 -1.000000e+00
    outer loop
      vertex 3.500000e+00 1.500000e+00 1.000000e+01
      vertex 3.500000e+00 3.500000e+00 1.000000e+01
      vertex 5.500000e+00 1.500000e+00 1.000000e+01
    endloop
  endfacet
  facet normal 0.000000e+00 0.000000e+00 -1.000000e+00
    outer loop
      vertex 3.500000e+00 3.500000e+00 1.000000e+01
      vertex 1.500000e+00 3.500000e+00 1.000000e+01
      vertex 1.500000e+00 5.500000e+00 1.000000e+01
    endloop
  endfacet
  facet normal -0.000000e+00 -0.000000e+00 -1.000000e+00
    outer loop
      vertex 3.500000e+00 3.500000e+00 1.000000e+01
      vertex 3.500000e+00 1.500000e+00 1.000000e+01
      vertex 1.500000e+00 3.500000e+00 1.000000e+01
    endloop
  endfacet
  facet normal 0.000000e+00 0.000000e+00 -1.000000e+00
    outer loop
      vertex 1.500000e+00 3.500000e+00 1.000000e+01
      vertex 3.500000e+00 1.500000e+00 1.000000e+01
      vertex 1.500000e+00 1.500000e+00 1.000000e+01
    endloop
  endfacet
  facet normal 1.000000e+00 0.000000e+00 0.000000e+00
    outer loop
      vertex 1.500000e+00 3.500000e+00 7.500000e+00
      vertex 1.500000e+00 1.500000e+00 6.750000e+00
      vertex 1.500000e+00 1.500000e+00 5.000000e+00
    endloop
  endfacet
  facet normal 1.000000e+00 0.000000e+00 0.000000e+00
    outer loop
      vertex 1.500000e+00 1.500000e+00 6.750000e+00
      vertex 1.500000e+00 3.500000e+00 7.500000e+00
      vertex 1.500000e+00 1.500000e+00 7.500000e+00
    endloop
  endfacet
  facet normal 1.000000e+00 0.000000e+00 0.000000e+00
    outer loop
      vertex 1.500000e+00 5.500000e+00 1.000000e+01
      vertex 1.500000e+00 3.500000e+00 1.000000e+01
      vertex 1.500000e+00 3.500000e+00 7.500000e+00
    endloop
  endfacet
  facet normal 1.000000e+00 0.000000e+00 -0.000000e+00
    outer loop
      vertex 1.500000e+00 3.500000e+00 7.500000e+00
      vertex 1.500000e+00 3.500000e+00 1.000000e+01
      vertex 1.500000e+00 1.500000e+00 7.500000e+00
    endloop
  endfacet
  facet normal 1.000000e+00 0.000000e+00 0.000000e+00
    outer loop
      vertex 1.500000e+00 1.500000e+00 7.500000e+00
      vertex 1.500000e+00 3.500000e+00 1.000000e+01
      vertex 1.500000e+00 1.500000e+00 1.000000e+01
    endloop
  endfacet
  facet normal 0.000000e+00 -1.000000e+00 -0.000000e+00
    outer loop
      vertex 1.500000e+00 1.600000e+01 1.075000e+01
      vertex 7.500000e-01 1.600000e+01 9.125000e+00
      vertex 1.500000e+00 1.600000e+01 1.000000e+01
    endloop
  endfacet
  facet normal 0.000000e+00 -1.000000e+00 0.000000e+00
    outer loop
      vertex 7.500000e-01 1.600000e+01 9.125000e+00
      vertex 1.500000e+00 1.600000e+01 1.075000e+01
      vertex 7.500000e-01 1.600000e+01 1.150000e+01
    endloop
  endfacet
  facet normal 0.000000e+00 -1.000000e+00 0.000000e+00
    outer loop
      vertex 7.500000e-01 1.600000e+01 1.150000e+01
      vertex 1.500000e+00 1.600000e+01 1.075000e+01
      vertex 1.500000e+00 1.600000e+01 1.150000e+01
    endloop
  endfacet
  facet normal -0.000000e+00 -1.000000e+00 -0.000000e+00
    outer loop
      vertex 7.500000e-01 1.600000e+01 1.150000e+01
      vertex 0.000000e+00 1.600000e+01 1.150000e+01
      vertex 7.500000e-01 1.600000e+01 9.125000e+00
    endloop
  endfacet
  facet normal 0.000000e+00 -1.000000e+00 0.000000e+00
    outer loop
      vertex 7.500000e-01 1.600000e+01 9.125000e+00
      vertex 0.000000e+00 1.600000e+01 1.150000e+01
      vertex 0.000000e+00 1.600000e+01 9.125000e+00
    endloop
  endfacet
  facet normal -0.000000e+00 -1.000000e+00 -0.000000e+00
    outer loop
      vertex 7.500000e-01 1.600000e+01 9.125000e+00
      vertex 0.000000e+00 1.600000e+01 9.125000e+00
      vertex 7.500000e-01 1.600000e+01 6.750000e+00
    endloop
  endfacet
  facet normal 0.000000e+00 -1.000000e+00 0.000000e+00
    outer loop
      vertex 7.500000e-01 1.600000e+01 6.750000e+00
      vertex 0.000000e+00 1.600000e+01 9.125000e+00
      vertex 0.000000e+00 1.600000e+01 6.750000e+00
    endloop
  endfacet
  facet normal 0.000000e+00 -1.000000e+00 -0.000000e+00
    outer loop
      vertex 1.500000e+00 1.600000e+01 1.000000e+01
      vertex 7.500000e-01 1.600000e+01 9.125000e+00
      vertex 1.500000e+00 1.600000e+01 9.125000e+00
    endloop
  endfacet
  facet normal 0.000000e+00 -1.000000e+00 0.000000e+00
    outer loop
      vertex 7.500000e-01 1.600000e+01 6.750000e+00
      vertex 1.500000e+00 1.600000e+01 6.750000e+00
      vertex 7.500000e-01 1.600000e+01 9.125000e+00
    endloop
  endfacet
  facet normal 0.000000e+00 -1.000000e+00 0.000000e+00
    outer loop
      vertex 7.500000e-01 1.600000e+01 9.125000e+00
      vertex 1.500000e+00 1.600000e+01 6.750000e+00
      vertex 1.500000e+00 1.600000e+01 9.125000e+00
    endloop
  endfacet
  facet normal 0.000000e+00 -7.071068e-01 7.071068e-01
    outer loop
      vertex 0.000000e+00 1.500000e+01 5.750000e+00
      vertex 7.500000e-01 1.600000e+01 6.750000e+00
      vertex 0.000000e+00 1.600000e+01 6.750000e+00
    endloop
  endfacet
  facet normal 0.000000e+00 -7.071068e-01 7.071068e-01
    outer loop
      vertex 7.500000e-01 1.600000e+01 6.750000e+00
      vertex 0.000000e+00 1.500000e+01 5.750000e+00
      vertex 7.500000e-01 1.412500e+01 4.875000e+00
    endloop
  endfacet
  facet normal 0.000000e+00 -7.071068e-01 7.071068e-01
    outer loop
      vertex 7.500000e-01 1.412500e+01 4.875000e+00
      vertex 0.000000e+00 1.500000e+01 5.750000e+00
      vertex 0.000000e+00 1.412500e+01 4.875000e+00
    endloop
  endfacet
  facet normal 0.000000e+00 -7.071068e-01 7.071068e-01
    outer loop
      vertex 1.500000e+00 1.575000e+01 6.500000e+00
      vertex 7.500000e-01 1.412500e+01 4.875000e+00
      vertex 1.500000e+00 1.412500e+01 4.875000e+00
    endloop
  endfacet
  facet normal 0.000000e+00 -7.071068e-01 7.071068e-01
    outer loop
      vertex 7.500000e-01 1.412500e+01 4.875000e+00
      vertex 1.500000e+00 1.575000e+01 6.500000e+00
      vertex 7.500000e-01 1.600000e+01 6.750000e+00
    endloop
  endfacet
  facet normal 0.000000e+00 -7.071068e-01 7.071068e-01
    outer loop
      vertex 7.500000e-01 1.600000e+01 6.750000e+00
      vertex 1.500000e+00 1.575000e+01 6.500000e+00
      vertex 1.500000e+00 1.600000e+01 6.750000e+00
    endloop
  endfacet
  facet normal 0.000000e+00 -7.071068e-01 7.071068e-01
    outer loop
      vertex 7.500000e-01 1.412500e+01 4.875000e+00
      vertex 0.000000e+00 1.412500e+01 4.875000e+00
      vertex 7.500000e-01 1.225000e+01 3.000000e+00
    endloop
  endfacet
  facet normal 0.000000e+00 -7.071068e-01 7.071068e-01
    outer loop
      vertex 7.500000e-01 1.225000e+01 3.000000e+00
      vertex 0.000000e+00 1.412500e+01 4.875000e+00
      vertex 0.000000e+00 1.225000e+01 3.000000e+00
    endloop
  endfacet
  facet normal 0.000000e+00 -7.071068e-01 7.071068e-01
    outer loop
      vertex 1.500000e+00 1.412500e+01 4.875000e+00
      vertex 7.500000e-01 1.412500e+01 4.875000e+00
      vertex 1.500000e+00 1.225000e+01 3.000000e+00
    endloop
  endfacet
  facet normal 0.000000e+00 -7.071068e-01 7.071068e-01
    outer loop
      vertex 1.500000e+00 1.225000e+01 3.000000e+00
      vertex 7.500000e-01 1.412500e+01 4.875000e+00
      vertex 7.500000e-01 1.225000e+01 3.000000e+00
    endloop
  endfacet
  facet normal 0.000000e+00 7.808689e-01 -6.246950e-01
    outer loop
      vertex 0.000000e+00 2.100000e+00 5.750000e+00
      vertex 7.500000e-01 1.500000e+00 5.000000e+00
      vertex 0.000000e+00 1.500000e+00 5.000000e+00
    endloop
  endfacet
  facet normal -9.929260e-08 7.808688e-01 -6.246950e-01
    outer loop
      vertex 7.500000e-01 1.500000e+00 5.000000e+00
      vertex 0.000000e+00 2.100000e+00 5.750000e+00
      vertex 7.500000e-01 3.500000e+00 7.500000e+00
    endloop
  endfacet
  facet normal 0.000000e+00 7.808688e-01 -6.246951e-01
    outer loop
      vertex 7.500000e-01 3.500000e+00 7.500000e+00
      vertex 0.000000e+00 2.100000e+00 5.750000e+00
      vertex 0.000000e+00 3.500000e+00 7.500000e+00
    endloop
  endfacet
  facet normal 0.000000e+00 7.808688e-01 -6.246950e-01
    outer loop
      vertex 7.500000e-01 3.500000e+00 7.500000e+00
      vertex 0.000000e+00 3.500000e+00 7.500000e+00
      vertex 7.500000e-01 5.500000e+00 1.000000e+01
    endloop
  endfacet
  facet normal 0.000000e+00 7.808688e-01 -6.246950e-01
    outer loop
      vertex 7.500000e-01 5.500000e+00 1.000000e+01
      vertex 0.000000e+00 3.500000e+00 7.500000e+00
      vertex -2.220446e-16 5.500000e+00 1.000000e+01
    endloop
  endfacet
  facet normal 0.000000e+00 7.808688e-01 -6.246950e-01
    outer loop
      vertex 1.500000e+00 1.500000e+00 5.000000e+00
      vertex 7.500000e-01 1.500000e+00 5.000000e+00
      vertex 1.500000e+00 3.500000e+00 7.500000e+00
    endloop
  endfacet
  facet normal 0.000000e+00 7.808688e-01 -6.246950e-01
    outer loop
      vertex 1.500000e+00 3.500000e+00 7.500000e+00
      vertex 7.500000e-01 1.500000e+00 5.000000e+00
      vertex 7.500000e-01 3.500000e+00 7.500000e+00
    endloop
  endfacet
  facet normal 0.000000e+00 7.808688e-01 -6.246950e-01
    outer loop
      vertex 1.500000e+00 3.500000e+00 7.500000e+00
      vertex 7.500000e-01 3.500000e+00 7.500000e+00
      vertex 1.500000e+00 5.500000e+00 1.000000e+01
    endloop
  endfacet
  facet normal 0.000000e+00 7.808688e-01 -6.246950e-01
    outer loop
      vertex 1.500000e+00 5.500000e+00 1.000000e+01
      vertex 7.500000e-01 3.500000e+00 7.500000e+00
      vertex 7.500000e-01 5.500000e+00 1.000000e+01
    endloop
  endfacet
  facet normal 0.000000e+00 1.000000e+00 0.000000e+00
    outer loop
      vertex -2.220446e-16 5.500000e+00 1.000000e+01
      vertex 0.000000e+00 5.500000e+00 1.075000e+01
      vertex 7.500000e-01 5.500000e+00 1.000000e+01
    endloop
  endfacet
  facet normal 0.000000e+00 1.000000e+00 -0.000000e+00
    outer loop
      vertex 7.500000e-01 5.500000e+00 1.000000e+01
      vertex 0.000000e+00 5.500000e+00 1.075000e+01
      vertex 7.500000e-01 5.500000e+00 1.075000e+01
    endloop
  endfacet
  facet normal 0.000000e+00 1.000000e+00 0.000000e+00
    outer loop
      vertex 7.500000e-01 5.500000e+00 1.000000e+01
      vertex 7.500000e-01 5.500000e+00 1.075000e+01
      vertex 1.500000e+00 5.500000e+00 1.000000e+01
    endloop
  endfacet
  facet normal 0.000000e+00 1.000000e+00 -0.000000e+00
    outer loop
      vertex 1.500000e+00 5.500000e+00 1.000000e+01
      vertex 7.500000e-01 5.500000e+00 1.075000e+01
      vertex 1.500000e+00 5.500000e+00 1.075000e+01
    endloop
  endfacet
  facet normal 0.000000e+00 1.000000e+00 0.000000e+00
    outer loop
      vertex 0.000000e+00 5.500000e+00 1.075000e+01
      vertex 0.000000e+00 5.500000e+00 1.150000e+01
      vertex 7.500000e-01 5.500000e+00 1.075000e+01
    endloop
  endfacet
  facet normal 0.000000e+00 1.000000e+00 -0.000000e+00
    outer loop
      vertex 7.500000e-01 5.500000e+00 1.075000e+01
      vertex 0.000000e+00 5.500000e+00 1.150000e+01
      vertex 7.500000e-01 5.500000e+00 1.150000e+01
    endloop
  endfacet
  facet normal 0.000000e+00 1.000000e+00 0.000000e+00
    outer loop
      vertex 7.500000e-01 5.500000e+00 1.075000e+01
      vertex 7.500000e-01 5.500000e+00 1.150000e+01
      vertex 1.500000e+00 5.500000e+00 1.075000e+01
    endloop
  endfacet
  facet normal 0.000000e+00 1.000000e+00 -0.000000e+00
    outer loop
      vertex 1.500000e+00 5.500000e+00 1.075000e+01
      vertex 7.500000e-01 5.500000e+00 1.150000e+01
      vertex 1.500000e+00 5.500000e+00 1.150000e+01
    endloop
  endfacet
  facet normal 7.071068e-01 7.071068e-01 0.000000e+00
    outer loop
      vertex 3.500000e+00 3.500000e+00 1.150000e+01
      vertex 3.500000e+00 3.500000e+00 1.075000e+01
      vertex 2.750000e+00 4.250000e+00 1.150000e+01
    endloop
  endfacet
  facet normal 7.071068e-01 7.071068e-01 0.000000e+00
    outer loop
      vertex 2.750000e+00 4.250000e+00 1.150000e+01
      vertex 3.500000e+00 3.500000e+00 1.075000e+01
      vertex 1.500000e+00 5.500000e+00 1.075000e+01
    endloop
  endfacet
  facet normal 7.071068e-01 7.071068e-01 0.000000e+00
    outer loop
      vertex 2.750000e+00 4.250000e+00 1.150000e+01
      vertex 1.500000e+00 5.500000e+00 1.075000e+01
      vertex 1.500000e+00 5.500000e+00 1.150000e+01
    endloop
  endfacet
  facet normal 7.071068e-01 7.071068e-01 0.000000e+00
    outer loop
      vertex 5.500000e+00 1.500000e+00 1.150000e+01
      vertex 5.500000e+00 1.500000e+00 1.075000e+01
      vertex 4.250000e+00 2.750000e+00 1.150000e+01
    endloop
  endfacet
  facet normal 7.071068e-01 7.071068e-01 0.000000e+00
    outer loop
      vertex 4.250000e+00 2.750000e+00 1.150000e+01
      vertex 5.500000e+00 1.500000e+00 1.075000e+01
      vertex 3.500000e+00 3.500000e+00 1.075000e+01
    endloop
  endfacet
  facet normal 7.071068e-01 7.071068e-01 0.000000e+00
    outer loop
      vertex 4.250000e+00 2.750000e+00 1.150000e+01
      vertex 3.500000e+00 3.500000e+00 1.075000e+01
      vertex 3.500000e+00 3.500000e+00 1.150000e+01
    endloop
  endfacet
  facet normal 7.071068e-01 7.071068e-01 0.000000e+00
    outer loop
      vertex 1.500000e+00 5.500000e+00 1.075000e+01
      vertex 3.500000e+00 3.500000e+00 1.075000e+01
      vertex 1.500000e+00 5.500000e+00 1.000000e+01
    endloop
  endfacet
  facet normal 7.071068e-01 7.071068e-01 0.000000e+00
    outer loop
      vertex 1.500000e+00 5.500000e+00 1.000000e+01
      vertex 3.500000e+00 3.500000e+00 1.075000e+01
      vertex 3.500000e+00 3.500000e+00 1.000000e+01
    endloop
  endfacet
  facet normal 7.071068e-01 7.071068e-01 0.000000e+00
    outer loop
      vertex 3.500000e+00 3.500000e+00 1.075000e+01
      vertex 5.500000e+00 1.500000e+00 1.075000e+01
      vertex 3.500000e+00 3.500000e+00 1.000000e+01
    endloop
  endfacet
  facet normal 7.071068e-01 7.071068e-01 0.000000e+00
    outer loop
      vertex 3.500000e+00 3.500000e+00 1.000000e+01
      vertex 5.500000e+00 1.500000e+00 1.075000e+01
      vertex 5.500000e+00 1.500000e+00 1.000000e+01
    endloop
  endfacet
  facet normal 7.071068e-01 -7.071068e-01 0.000000e+00
    outer loop
      vertex 2.750000e+00 1.725000e+01 1.150000e+01
      vertex 3.500000e+00 1.800000e+01 1.075000e+01
      vertex 3.500000e+00 1.800000e+01 1.150000e+01
    endloop
  endfacet
  facet normal 7.071068e-01 -7.071068e-01 0.000000e+00
    outer loop
      vertex 3.500000e+00 1.800000e+01 1.075000e+01
      vertex 2.750000e+00 1.725000e+01 1.150000e+01
      vertex 1.500000e+00 1.600000e+01 1.075000e+01
    endloop
  endfacet
  facet normal 7.071068e-01 -7.071068e-01 0.000000e+00
    outer loop
      vertex 1.500000e+00 1.600000e+01 1.075000e+01
      vertex 2.750000e+00 1.725000e+01 1.150000e+01
      vertex 1.500000e+00 1.600000e+01 1.150000e+01
    endloop
  endfacet
  facet normal 7.071068e-01 -7.071068e-01 0.000000e+00
    outer loop
      vertex 4.250000e+00 1.875000e+01 1.150000e+01
      vertex 5.500000e+00 2.000000e+01 1.075000e+01
      vertex 5.500000e+00 2.000000e+01 1.150000e+01
    endloop
  endfacet
  facet normal 7.071068e-01 -7.071068e-01 0.000000e+00
    outer loop
      vertex 5.500000e+00 2.000000e+01 1.075000e+01
      vertex 4.250000e+00 1.875000e+01 1.150000e+01
      vertex 3.500000e+00 1.800000e+01 1.075000e+01
    endloop
  endfacet
  facet normal 7.071068e-01 -7.071068e-01 0.000000e+00
    outer loop
      vertex 3.500000e+00 1.800000e+01 1.075000e+01
      vertex 4.250000e+00 1.875000e+01 1.150000e+01
      vertex 3.500000e+00 1.800000e+01 1.150000e+01
    endloop
  endfacet
  facet normal 7.071068e-01 -7.071068e-01 0.000000e+00
    outer loop
      vertex 1.500000e+00 1.600000e+01 1.075000e+01
      vertex 1.500000e+00 1.600000e+01 1.000000e+01
      vertex 3.500000e+00 1.800000e+01 1.075000e+01
    endloop
  endfacet
  facet normal 7.071068e-01 -7.071068e-01 0.000000e+00
    outer loop
      vertex 3.500000e+00 1.800000e+01 1.075000e+01
      vertex 1.500000e+00 1.600000e+01 1.000000e+01
      vertex 3.500000e+00 1.800000e+01 1.000000e+01
    endloop
  endfacet
  facet normal 7.071068e-01 -7.071068e-01 0.000000e+00
    outer loop
      vertex 3.500000e+00 1.800000e+01 1.075000e+01
      vertex 3.500000e+00 1.800000e+01 1.000000e+01
      vertex 5.500000e+00 2.000000e+01 1.075000e+01
    endloop
  endfacet
  facet normal 7.071068e-01 -7.071068e-01 0.000000e+00
    outer loop
      vertex 5.500000e+00 2.000000e+01 1.075000e+01
      vertex 3.500000e+00 1.800000e+01 1.000000e+01
      vertex 5.500000e+00 2.000000e+01 1.000000e+01
    endloop
  endfacet
  facet normal -0.000000e+00 0.000000e+00 1.000000e+00
    outer loop
      vertex 1.075000e+01 2.150000e+01 7.000000e+00
      vertex 1.350000e+01 2.075000e+01 7.000000e+00
      vertex 1.350000e+01 2.150000e+01 7.000000e+00
    endloop
  endfacet
  facet normal 0.000000e+00 0.000000e+00 1.000000e+00
    outer loop
      vertex 1.350000e+01 2.075000e+01 7.000000e+00
      vertex 1.075000e+01 2.150000e+01 7.000000e+00
      vertex 1.000000e+01 2.075000e+01 7.000000e+00
    endloop
  endfacet
  facet normal 0.000000e+00 0.000000e+00 1.000000e+00
    outer loop
      vertex 1.000000e+01 2.075000e+01 7.000000e+00
      vertex 1.075000e+01 2.150000e+01 7.000000e+00
      vertex 1.000000e+01 2.150000e+01 7.000000e+00
    endloop
  endfacet
  facet normal 0.000000e+00 0.000000e+00 1.000000e+00
    outer loop
      vertex 1.075000e+01 2.000000e+01 7.000000e+00
      vertex 1.000000e+01 2.075000e+01 7.000000e+00
      vertex 1.000000e+01 2.000000e+01 7.000000e+00
    endloop
  endfacet
  facet normal -0.000000e+00 0.000000e+00 1.000000e+00
    outer loop
      vertex 1.000000e+01 2.075000e+01 7.000000e+00
      vertex 1.075000e+01 2.000000e+01 7.000000e+00
      vertex 1.350000e+01 2.075000e+01 7.000000e+00
    endloop
  endfacet
  facet normal 0.000000e+00 0.000000e+00 1.000000e+00
    outer loop
      vertex 1.350000e+01 2.075000e+01 7.000000e+00
      vertex 1.075000e+01 2.000000e+01 7.000000e+00
      vertex 1.350000e+01 2.000000e+01 7.000000e+00
    endloop
  endfacet
  facet normal 0.000000e+00 0.000000e+00 1.000000e+00
    outer loop
      vertex 1.700000e+01 2.150000e+01 7.000000e+00
      vertex 1.350000e+01 2.150000e+01 7.000000e+00
      vertex 1.700000e+01 2.075000e+01 7.000000e+00
    endloop
  endfacet
  facet normal 0.000000e+00 0.000000e+00 1.000000e+00
    outer loop
      vertex 1.700000e+01 2.075000e+01 7.000000e+00
      vertex 1.350000e+01 2.150000e+01 7.000000e+00
      vertex 1.350000e+01 2.075000e+01 7.000000e+00
    endloop
  endfacet
  facet normal 0.000000e+00 0.000000e+00 1.000000e+00
    outer loop
      vertex 1.700000e+01 2.075000e+01 7.000000e+00
      vertex 1.350000e+01 2.075000e+01 7.000000e+00
      vertex 1.700000e+01 2.000000e+01 7.000000e+00
    endloop
  endfacet
  facet normal 0.000000e+00 0.000000e+00 1.000000e+00
    outer loop
      vertex 1.700000e+01 2.000000e+01 7.000000e+00
      vertex 1.350000e+01 2.075000e+01 7.000000e+00
      vertex 1.350000e+01 2.000000e+01 7.000000e+00
    endloop
  endfacet
  facet normal 0.000000e+00 0.000000e+00 1.000000e+00
    outer loop
      vertex 1.075000e+01 0.000000e+00 7.000000e+00
      vertex 1.000000e+01 7.500000e-01 7.000000e+00
      vertex 1.000000e+01 0.000000e+00 7.000000e+00
    endloop
  endfacet
  facet normal -0.000000e+00 0.000000e+00 1.000000e+00
    outer loop
      vertex 1.000000e+01 7.500000e-01 7.000000e+00
      vertex 1.075000e+01 0.000000e+00 7.000000e+00
      vertex 1.350000e+01 7.500000e-01 7.000000e+00
    endloop
  endfacet
  facet normal 0.000000e+00 0.000000e+00 1.000000e+00
    outer loop
      vertex 1.350000e+01 7.500000e-01 7.000000e+00
      vertex 1.075000e+01 0.000000e+00 7.000000e+00
      vertex 1.350000e+01 0.000000e+00 7.000000e+00
    endloop
  endfacet
  facet normal 0.000000e+00 0.000000e+00 1.000000e+00
    outer loop
      vertex 1.700000e+01 1.500000e+00 7.000000e+00
      vertex 1.350000e+01 1.500000e+00 7.000000e+00
      vertex 1.700000e+01 7.500000e-01 7.000000e+00
    endloop
  endfacet
  facet normal 0.000000e+00 0.000000e+00 1.000000e+00
    outer loop
      vertex 1.700000e+01 7.500000e-01 7.000000e+00
      vertex 1.350000e+01 1.500000e+00 7.000000e+00
      vertex 1.350000e+01 7.500000e-01 7.000000e+00
    endloop
  endfacet
  facet normal 0.000000e+00 0.000000e+00 1.000000e+00
    outer loop
      vertex 1.700000e+01 7.500000e-01 7.000000e+00
      vertex 1.350000e+01 7.500000e-01 7.000000e+00
      vertex 1.700000e+01 0.000000e+00 7.000000e+00
    endloop
  endfacet
  facet normal 0.000000e+00 0.000000e+00 1.000000e+00
    outer loop
      vertex 1.700000e+01 0.000000e+00 7.000000e+00
      vertex 1.350000e+01 7.500000e-01 7.000000e+00
      vertex 1.350000e+01 0.000000e+00 7.000000e+00
    endloop
  endfacet
  facet normal 0.000000e+00 0.000000e+00 1.000000e+00
    outer loop
      vertex 1.350000e+01 1.500000e+00 7.000000e+00
      vertex 1.000000e+01 1.500000e+00 7.000000e+00
      vertex 1.350000e+01 7.500000e-01 7.000000e+00
    endloop
  endfacet
  facet normal 0.000000e+00 0.000000e+00 1.000000e+00
    outer loop
      vertex 1.350000e+01 7.500000e-01 7.000000e+00
      vertex 1.000000e+01 1.500000e+00 7.000000e+00
      vertex 1.000000e+01 7.500000e-01 7.000000e+00
    endloop
  endfacet
  facet normal 7.071068e-01 -0.000000e+00 7.071068e-01
    outer loop
      vertex 7.750000e+00 2.075000e+01 9.250000e+00
      vertex 1.000000e+01 2.075000e+01 7.000000e+00
      vertex 7.750000e+00 2.150000e+01 9.250000e+00
    endloop
  endfacet
  facet normal 7.071068e-01 0.000000e+00 7.071068e-01
    outer loop
      vertex 7.750000e+00 2.150000e+01 9.250000e+00
      vertex 1.000000e+01 2.075000e+01 7.000000e+00
      vertex 1.000000e+01 2.150000e+01 7.000000e+00
    endloop
  endfacet
  facet normal 7.071068e-01 0.000000e+00 7.071068e-01
    outer loop
      vertex 7.750000e+00 2.075000e+01 9.250000e+00
      vertex 7.750000e+00 2.000000e+01 9.250000e+00
      vertex 1.000000e+01 2.075000e+01 7.000000e+00
    endloop
  endfacet
  facet normal 7.071068e-01 0.000000e+00 7.071068e-01
    outer loop
      vertex 1.000000e+01 2.075000e+01 7.000000e+00
      vertex 7.750000e+00 2.000000e+01 9.250000e+00
      vertex 9.750000e+00 2.000000e+01 7.250000e+00
    endloop
  endfacet
  facet normal 7.071068e-01 0.000000e+00 7.071068e-01
    outer loop
      vertex 1.000000e+01 2.075000e+01 7.000000e+00
      vertex 9.750000e+00 2.000000e+01 7.250000e+00
      vertex 1.000000e+01 2.000000e+01 7.000000e+00
    endloop
  endfacet
  facet normal 7.071068e-01 0.000000e+00 7.071068e-01
    outer loop
      vertex 7.750000e+00 2.150000e+01 9.250000e+00
      vertex 5.500000e+00 2.150000e+01 1.150000e+01
      vertex 7.750000e+00 2.075000e+01 9.250000e+00
    endloop
  endfacet
  facet normal 7.071068e-01 0.000000e+00 7.071068e-01
    outer loop
      vertex 7.750000e+00 2.075000e+01 9.250000e+00
      vertex 5.500000e+00 2.150000e+01 1.150000e+01
      vertex 5.500000e+00 2.075000e+01 1.150000e+01
    endloop
  endfacet
  facet normal 7.071068e-01 0.000000e+00 7.071068e-01
    outer loop
      vertex 7.750000e+00 2.075000e+01 9.250000e+00
      vertex 5.500000e+00 2.075000e+01 1.150000e+01
      vertex 7.750000e+00 2.000000e+01 9.250000e+00
    endloop
  endfacet
  facet normal 7.071068e-01 0.000000e+00 7.071068e-01
    outer loop
      vertex 7.750000e+00 2.000000e+01 9.250000e+00
      vertex 5.500000e+00 2.075000e+01 1.150000e+01
      vertex 5.500000e+00 2.000000e+01 1.150000e+01
    endloop
  endfacet
  facet normal 0.000000e+00 -0.000000e+00 1.000000e+00
    outer loop
      vertex 3.500000e+00 1.800000e+01 1.150000e+01
      vertex 4.250000e+00 1.875000e+01 1.150000e+01
      vertex 2.750000e+00 1.875000e+01 1.150000e+01
    endloop
  endfacet
  facet normal 0.000000e+00 0.000000e+00 1.000000e+00
    outer loop
      vertex 2.750000e+00 1.875000e+01 1.150000e+01
      vertex 2.750000e+00 1.725000e+01 1.150000e+01
      vertex 3.500000e+00 1.800000e+01 1.150000e+01
    endloop
  endfacet
  facet normal 0.000000e+00 0.000000e+00 1.000000e+00
    outer loop
      vertex 0.000000e+00 1.875000e+01 1.150000e+01
      vertex 2.750000e+00 1.875000e+01 1.150000e+01
      vertex 0.000000e+00 2.150000e+01 1.150000e+01
    endloop
  endfacet
  facet normal -0.000000e+00 0.000000e+00 1.000000e+00
    outer loop
      vertex 0.000000e+00 2.150000e+01 1.150000e+01
      vertex 2.750000e+00 1.875000e+01 1.150000e+01
      vertex 2.750000e+00 2.150000e+01 1.150000e+01
    endloop
  endfacet
  facet normal 0.000000e+00 0.000000e+00 1.000000e+00
    outer loop
      vertex 2.750000e+00 1.875000e+01 1.150000e+01
      vertex 0.000000e+00 1.875000e+01 1.150000e+01
      vertex 2.750000e+00 1.725000e+01 1.150000e+01
    endloop
  endfacet
  facet normal 0.000000e+00 0.000000e+00 1.000000e+00
    outer loop
      vertex 2.750000e+00 1.725000e+01 1.150000e+01
      vertex 0.000000e+00 1.875000e+01 1.150000e+01
      vertex 0.000000e+00 1.600000e+01 1.150000e+01
    endloop
  endfacet
  facet normal 0.000000e+00 0.000000e+00 1.000000e+00
    outer loop
      vertex 2.750000e+00 1.725000e+01 1.150000e+01
      vertex 0.000000e+00 1.600000e+01 1.150000e+01
      vertex 1.500000e+00 1.600000e+01 1.150000e+01
    endloop
  endfacet
  facet normal 0.000000e+00 0.000000e+00 1.000000e+00
    outer loop
      vertex 2.750000e+00 1.875000e+01 1.150000e+01
      vertex 4.250000e+00 1.875000e+01 1.150000e+01
      vertex 5.500000e+00 2.000000e+01 1.150000e+01
    endloop
  endfacet
  facet normal 0.000000e+00 0.000000e+00 1.000000e+00
    outer loop
      vertex 2.750000e+00 1.875000e+01 1.150000e+01
      vertex 5.500000e+00 2.000000e+01 1.150000e+01
      vertex 5.500000e+00 2.075000e+01 1.150000e+01
    endloop
  endfacet
  facet normal 0.000000e+00 0.000000e+00 1.000000e+00
    outer loop
      vertex 2.750000e+00 1.875000e+01 1.150000e+01
      vertex 5.500000e+00 2.075000e+01 1.150000e+01
      vertex 5.500000e+00 2.150000e+01 1.150000e+01
    endloop
  endfacet
  facet normal 0.000000e+00 0.000000e+00 1.000000e+00
    outer loop
      vertex 2.750000e+00 1.875000e+01 1.150000e+01
      vertex 5.500000e+00 2.150000e+01 1.150000e+01
      vertex 2.750000e+00 2.150000e+01 1.150000e+01
    endloop
  endfacet
  facet normal 0.000000e+00 0.000000e+00 1.000000e+00
    outer loop
      vertex 2.750000e+00 2.750000e+00 1.150000e+01
      vertex 3.500000e+00 3.500000e+00 1.150000e+01
      vertex 2.750000e+00 4.250000e+00 1.150000e+01
    endloop
  endfacet
  facet normal 0.000000e+00 0.000000e+00 1.000000e+00
    outer loop
      vertex 3.500000e+00 3.500000e+00 1.150000e+01
      vertex 2.750000e+00 2.750000e+00 1.150000e+01
      vertex 4.250000e+00 2.750000e+00 1.150000e+01
    endloop
  endfacet
  facet normal 0.000000e+00 -0.000000e+00 1.000000e+00
    outer loop
      vertex 5.500000e+00 0.000000e+00 1.150000e+01
      vertex 5.500000e+00 7.500000e-01 1.150000e+01
      vertex 2.750000e+00 0.000000e+00 1.150000e+01
    endloop
  endfacet
  facet normal 0.000000e+00 0.000000e+00 1.000000e+00
    outer loop
      vertex 2.750000e+00 0.000000e+00 1.150000e+01
      vertex 5.500000e+00 7.500000e-01 1.150000e+01
      vertex 2.750000e+00 2.750000e+00 1.150000e+01
    endloop
  endfacet
  facet normal 0.000000e+00 0.000000e+00 1.000000e+00
    outer loop
      vertex 2.750000e+00 2.750000e+00 1.150000e+01
      vertex 5.500000e+00 7.500000e-01 1.150000e+01
      vertex 5.500000e+00 1.500000e+00 1.150000e+01
    endloop
  endfacet
  facet normal -0.000000e+00 0.000000e+00 1.000000e+00
    outer loop
      vertex 2.750000e+00 2.750000e+00 1.150000e+01
      vertex 5.500000e+00 1.500000e+00 1.150000e+01
      vertex 4.250000e+00 2.750000e+00 1.150000e+01
    endloop
  endfacet
  facet normal 0.000000e+00 0.000000e+00 1.000000e+00
    outer loop
      vertex 0.000000e+00 2.750000e+00 1.150000e+01
      vertex 2.750000e+00 2.750000e+00 1.150000e+01
      vertex 0.000000e+00 5.500000e+00 1.150000e+01
    endloop
  endfacet
  facet normal 0.000000e+00 0.000000e+00 1.000000e+00
    outer loop
      vertex 0.000000e+00 5.500000e+00 1.150000e+01
      vertex 2.750000e+00 2.750000e+00 1.150000e+01
      vertex 2.750000e+00 4.250000e+00 1.150000e+01
    endloop
  endfacet
  facet normal -0.000000e+00 0.000000e+00 1.000000e+00
    outer loop
      vertex 0.000000e+00 5.500000e+00 1.150000e+01
      vertex 2.750000e+00 4.250000e+00 1.150000e+01
      vertex 1.500000e+00 5.500000e+00 1.150000e+01
    endloop
  endfacet
  facet normal 0.000000e+00 0.000000e+00 1.000000e+00
    outer loop
      vertex 0.000000e+00 0.000000e+00 1.150000e+01
      vertex 2.750000e+00 0.000000e+00 1.150000e+01
      vertex 0.000000e+00 2.750000e+00 1.150000e+01
    endloop
  endfacet
  facet normal -0.000000e+00 0.000000e+00 1.000000e+00
    outer loop
      vertex 0.000000e+00 2.750000e+00 1.150000e+01
      vertex 2.750000e+00 0.000000e+00 1.150000e+01
      vertex 2.750000e+00 2.750000e+00 1.150000e+01
    endloop
  endfacet
  facet normal -7.071068e-01 0.000000e+00 7.071068e-01
    outer loop
      vertex 1.725000e+01 2.000000e+01 7.250000e+00
      vertex 1.700000e+01 2.075000e+01 7.000000e+00
      vertex 1.700000e+01 2.000000e+01 7.000000e+00
    endloop
  endfacet
  facet normal -7.071068e-01 0.000000e+00 7.071068e-01
    outer loop
      vertex 1.700000e+01 2.075000e+01 7.000000e+00
      vertex 1.725000e+01 2.000000e+01 7.250000e+00
      vertex 1.850000e+01 2.075000e+01 8.500000e+00
    endloop
  endfacet
  facet normal -7.071068e-01 0.000000e+00 7.071068e-01
    outer loop
      vertex 1.850000e+01 2.075000e+01 8.500000e+00
      vertex 1.725000e+01 2.000000e+01 7.250000e+00
      vertex 1.850000e+01 2.000000e+01 8.500000e+00
    endloop
  endfacet
  facet normal -7.071068e-01 0.000000e+00 7.071068e-01
    outer loop
      vertex 2.000000e+01 2.150000e+01 1.000000e+01
      vertex 1.850000e+01 2.150000e+01 8.500000e+00
      vertex 2.000000e+01 2.075000e+01 1.000000e+01
    endloop
  endfacet
  facet normal -7.071068e-01 0.000000e+00 7.071068e-01
    outer loop
      vertex 2.000000e+01 2.075000e+01 1.000000e+01
      vertex 1.850000e+01 2.150000e+01 8.500000e+00
      vertex 1.850000e+01 2.075000e+01 8.500000e+00
    endloop
  endfacet
  facet normal -7.071068e-01 0.000000e+00 7.071068e-01
    outer loop
      vertex 2.000000e+01 2.075000e+01 1.000000e+01
      vertex 1.850000e+01 2.075000e+01 8.500000e+00
      vertex 2.000000e+01 2.000000e+01 1.000000e+01
    endloop
  endfacet
  facet normal -7.071068e-01 0.000000e+00 7.071068e-01
    outer loop
      vertex 2.000000e+01 2.000000e+01 1.000000e+01
      vertex 1.850000e+01 2.075000e+01 8.500000e+00
      vertex 1.850000e+01 2.000000e+01 8.500000e+00
    endloop
  endfacet
  facet normal -7.071068e-01 0.000000e+00 7.071068e-01
    outer loop
      vertex 1.850000e+01 2.150000e+01 8.500000e+00
      vertex 1.700000e+01 2.150000e+01 7.000000e+00
      vertex 1.850000e+01 2.075000e+01 8.500000e+00
    endloop
  endfacet
  facet normal -7.071068e-01 0.000000e+00 7.071068e-01
    outer loop
      vertex 1.850000e+01 2.075000e+01 8.500000e+00
      vertex 1.700000e+01 2.150000e+01 7.000000e+00
      vertex 1.700000e+01 2.075000e+01 7.000000e+00
    endloop
  endfacet
  facet normal -7.071068e-01 0.000000e+00 7.071068e-01
    outer loop
      vertex 2.000000e+01 1.500000e+00 1.000000e+01
      vertex 1.850000e+01 1.500000e+00 8.500000e+00
      vertex 2.000000e+01 7.500000e-01 1.000000e+01
    endloop
  endfacet
  facet normal -7.071068e-01 0.000000e+00 7.071068e-01
    outer loop
      vertex 2.000000e+01 7.500000e-01 1.000000e+01
      vertex 1.850000e+01 1.500000e+00 8.500000e+00
      vertex 1.850000e+01 7.500000e-01 8.500000e+00
    endloop
  endfacet
  facet normal -7.071068e-01 0.000000e+00 7.071068e-01
    outer loop
      vertex 2.000000e+01 7.500000e-01 1.000000e+01
      vertex 1.850000e+01 7.500000e-01 8.500000e+00
      vertex 2.000000e+01 0.000000e+00 1.000000e+01
    endloop
  endfacet
  facet normal -7.071068e-01 0.000000e+00 7.071068e-01
    outer loop
      vertex 2.000000e+01 0.000000e+00 1.000000e+01
      vertex 1.850000e+01 7.500000e-01 8.500000e+00
      vertex 1.850000e+01 0.000000e+00 8.500000e+00
    endloop
  endfacet
  facet normal -7.071068e-01 0.000000e+00 7.071068e-01
    outer loop
      vertex 1.850000e+01 1.500000e+00 8.500000e+00
      vertex 1.700000e+01 1.500000e+00 7.000000e+00
      vertex 1.850000e+01 7.500000e-01 8.500000e+00
    endloop
  endfacet
  facet normal -7.071068e-01 0.000000e+00 7.071068e-01
    outer loop
      vertex 1.850000e+01 7.500000e-01 8.500000e+00
      vertex 1.700000e+01 1.500000e+00 7.000000e+00
      vertex 1.700000e+01 7.500000e-01 7.000000e+00
    endloop
  endfacet
  facet normal -7.071068e-01 0.000000e+00 7.071068e-01
    outer loop
      vertex 1.850000e+01 7.500000e-01 8.500000e+00
      vertex 1.700000e+01 7.500000e-01 7.000000e+00
      vertex 1.850000e+01 0.000000e+00 8.500000e+00
    endloop
  endfacet
  facet normal -7.071068e-01 0.000000e+00 7.071068e-01
    outer loop
      vertex 1.850000e+01 0.000000e+00 8.500000e+00
      vertex 1.700000e+01 7.500000e-01 7.000000e+00
      vertex 1.700000e+01 0.000000e+00 7.000000e+00
    endloop
  endfacet
  facet normal -1.000000e+00 0.000000e+00 0.000000e+00
    outer loop
      vertex 1.750000e+01 7.750000e+00 1.150000e+01
      vertex 1.750000e+01 1.075000e+01 1.150000e+01
      vertex 1.750000e+01 7.750000e+00 1.075000e+01
    endloop
  endfacet
  facet normal -1.000000e+00 0.000000e+00 0.000000e+00
    outer loop
      vertex 1.750000e+01 7.750000e+00 1.075000e+01
      vertex 1.750000e+01 1.075000e+01 1.150000e+01
      vertex 1.750000e+01 1.075000e+01 1.075000e+01
    endloop
  endfacet
  facet normal -1.000000e+00 0.000000e+00 0.000000e+00
    outer loop
      vertex 1.750000e+01 7.750000e+00 1.075000e+01
      vertex 1.750000e+01 1.075000e+01 1.075000e+01
      vertex 1.750000e+01 7.750000e+00 1.000000e+01
    endloop
  endfacet
  facet normal -1.000000e+00 0.000000e+00 0.000000e+00
    outer loop
      vertex 1.750000e+01 7.750000e+00 1.000000e+01
      vertex 1.750000e+01 1.075000e+01 1.075000e+01
      vertex 1.750000e+01 1.075000e+01 1.000000e+01
    endloop
  endfacet
  facet normal -1.000000e+00 0.000000e+00 0.000000e+00
    outer loop
      vertex 1.750000e+01 1.075000e+01 1.150000e+01
      vertex 1.750000e+01 1.375000e+01 1.150000e+01
      vertex 1.750000e+01 1.075000e+01 1.075000e+01
    endloop
  endfacet
  facet normal -1.000000e+00 0.000000e+00 0.000000e+00
    outer loop
      vertex 1.750000e+01 1.075000e+01 1.075000e+01
      vertex 1.750000e+01 1.375000e+01 1.150000e+01
      vertex 1.750000e+01 1.375000e+01 1.075000e+01
    endloop
  endfacet
  facet normal -1.000000e+00 0.000000e+00 0.000000e+00
    outer loop
      vertex 1.750000e+01 1.075000e+01 1.075000e+01
      vertex 1.750000e+01 1.375000e+01 1.075000e+01
      vertex 1.750000e+01 1.075000e+01 1.000000e+01
    endloop
  endfacet
  facet normal -1.000000e+00 0.000000e+00 0.000000e+00
    outer loop
      vertex 1.750000e+01 1.075000e+01 1.000000e+01
      vertex 1.750000e+01 1.375000e+01 1.075000e+01
      vertex 1.750000e+01 1.375000e+01 1.000000e+01
    endloop
  endfacet
  facet normal -0.000000e+00 7.071068e-01 7.071068e-01
    outer loop
      vertex 2.000000e+01 1.575000e+01 1.150000e+01
      vertex 2.075000e+01 1.575000e+01 1.150000e+01
      vertex 2.000000e+01 1.650000e+01 1.075000e+01
    endloop
  endfacet
  facet normal -0.000000e+00 7.071068e-01 7.071068e-01
    outer loop
      vertex 2.000000e+01 1.650000e+01 1.075000e+01
      vertex 2.075000e+01 1.575000e+01 1.150000e+01
      vertex 2.075000e+01 1.650000e+01 1.075000e+01
    endloop
  endfacet
  facet normal -0.000000e+00 7.071068e-01 7.071068e-01
    outer loop
      vertex 2.000000e+01 1.650000e+01 1.075000e+01
      vertex 2.075000e+01 1.650000e+01 1.075000e+01
      vertex 2.000000e+01 1.725000e+01 1.000000e+01
    endloop
  endfacet
  facet normal -0.000000e+00 7.071068e-01 7.071068e-01
    outer loop
      vertex 2.000000e+01 1.725000e+01 1.000000e+01
      vertex 2.075000e+01 1.650000e+01 1.075000e+01
      vertex 2.075000e+01 1.725000e+01 1.000000e+01
    endloop
  endfacet
  facet normal -0.000000e+00 7.071068e-01 7.071068e-01
    outer loop
      vertex 2.075000e+01 1.575000e+01 1.150000e+01
      vertex 2.150000e+01 1.575000e+01 1.150000e+01
      vertex 2.075000e+01 1.650000e+01 1.075000e+01
    endloop
  endfacet
  facet normal -0.000000e+00 7.071068e-01 7.071068e-01
    outer loop
      vertex 2.075000e+01 1.650000e+01 1.075000e+01
      vertex 2.150000e+01 1.575000e+01 1.150000e+01
      vertex 2.150000e+01 1.650000e+01 1.075000e+01
    endloop
  endfacet
  facet normal -0.000000e+00 7.071068e-01 7.071068e-01
    outer loop
      vertex 2.075000e+01 1.650000e+01 1.075000e+01
      vertex 2.150000e+01 1.650000e+01 1.075000e+01
      vertex 2.075000e+01 1.725000e+01 1.000000e+01
    endloop
  endfacet
  facet normal -0.000000e+00 7.071068e-01 7.071068e-01
    outer loop
      vertex 2.075000e+01 1.725000e+01 1.000000e+01
      vertex 2.150000e+01 1.650000e+01 1.075000e+01
      vertex 2.150000e+01 1.725000e+01 1.000000e+01
    endloop
  endfacet
  facet normal -6.246950e-01 7.808688e-01 0.000000e+00
    outer loop
      vertex 1.875000e+01 1.475000e+01 1.150000e+01
      vertex 1.875000e+01 1.475000e+01 1.075000e+01
      vertex 1.750000e+01 1.375000e+01 1.150000e+01
    endloop
  endfacet
  facet normal -6.246950e-01 7.808688e-01 0.000000e+00
    outer loop
      vertex 1.750000e+01 1.375000e+01 1.150000e+01
      vertex 1.875000e+01 1.475000e+01 1.075000e+01
      vertex 1.750000e+01 1.375000e+01 1.075000e+01
    endloop
  endfacet
  facet normal -6.246950e-01 7.808688e-01 0.000000e+00
    outer loop
      vertex 1.875000e+01 1.475000e+01 1.075000e+01
      vertex 1.875000e+01 1.475000e+01 1.000000e+01
      vertex 1.750000e+01 1.375000e+01 1.075000e+01
    endloop
  endfacet
  facet normal -6.246950e-01 7.808688e-01 0.000000e+00
    outer loop
      vertex 1.750000e+01 1.375000e+01 1.075000e+01
      vertex 1.875000e+01 1.475000e+01 1.000000e+01
      vertex 1.750000e+01 1.375000e+01 1.000000e+01
    endloop
  endfacet
  facet normal -6.246953e-01 7.808686e-01 0.000000e+00
    outer loop
      vertex 1.875000e+01 1.475000e+01 1.150000e+01
      vertex 1.950000e+01 1.535000e+01 1.150000e+01
      vertex 1.875000e+01 1.475000e+01 1.075000e+01
    endloop
  endfacet
  facet normal -6.246946e-01 7.808691e-01 -9.929264e-07
    outer loop
      vertex 1.875000e+01 1.475000e+01 1.075000e+01
      vertex 1.950000e+01 1.535000e+01 1.150000e+01
      vertex 2.000000e+01 1.575000e+01 1.150000e+01
    endloop
  endfacet
  facet normal -6.246950e-01 7.808688e-01 0.000000e+00
    outer loop
      vertex 1.875000e+01 1.475000e+01 1.075000e+01
      vertex 2.000000e+01 1.575000e+01 1.150000e+01
      vertex 2.000000e+01 1.575000e+01 1.075000e+01
    endloop
  endfacet
  facet normal -6.246950e-01 7.808688e-01 0.000000e+00
    outer loop
      vertex 1.875000e+01 1.475000e+01 1.000000e+01
      vertex 1.875000e+01 1.475000e+01 1.075000e+01
      vertex 2.000000e+01 1.575000e+01 1.000000e+01
    endloop
  endfacet
  facet normal -6.246950e-01 7.808688e-01 0.000000e+00
    outer loop
      vertex 2.000000e+01 1.575000e+01 1.000000e+01
      vertex 1.875000e+01 1.475000e+01 1.075000e+01
      vertex 2.000000e+01 1.575000e+01 1.075000e+01
    endloop
  endfacet
  facet normal 0.000000e+00 0.000000e+00 1.000000e+00
    outer loop
      vertex 2.075000e+01 1.725000e+01 1.000000e+01
      vertex 2.150000e+01 1.725000e+01 1.000000e+01
      vertex 2.075000e+01 1.937500e+01 1.000000e+01
    endloop
  endfacet
  facet normal -0.000000e+00 0.000000e+00 1.000000e+00
    outer loop
      vertex 2.075000e+01 1.937500e+01 1.000000e+01
      vertex 2.150000e+01 1.725000e+01 1.000000e+01
      vertex 2.150000e+01 1.937500e+01 1.000000e+01
    endloop
  endfacet
  facet normal 0.000000e+00 0.000000e+00 1.000000e+00
    outer loop
      vertex 2.075000e+01 1.937500e+01 1.000000e+01
      vertex 2.150000e+01 1.937500e+01 1.000000e+01
      vertex 2.075000e+01 2.150000e+01 1.000000e+01
    endloop
  endfacet
  facet normal -0.000000e+00 0.000000e+00 1.000000e+00
    outer loop
      vertex 2.075000e+01 2.150000e+01 1.000000e+01
      vertex 2.150000e+01 1.937500e+01 1.000000e+01
      vertex 2.150000e+01 2.150000e+01 1.000000e+01
    endloop
  endfacet
  facet normal 0.000000e+00 0.000000e+00 1.000000e+00
    outer loop
      vertex 2.075000e+01 1.937500e+01 1.000000e+01
      vertex 2.000000e+01 1.937500e+01 1.000000e+01
      vertex 2.075000e+01 1.725000e+01 1.000000e+01
    endloop
  endfacet
  facet normal 0.000000e+00 0.000000e+00 1.000000e+00
    outer loop
      vertex 2.075000e+01 1.725000e+01 1.000000e+01
      vertex 2.000000e+01 1.937500e+01 1.000000e+01
      vertex 2.000000e+01 1.725000e+01 1.000000e+01
    endloop
  endfacet
  facet normal 0.000000e+00 0.000000e+00 1.000000e+00
    outer loop
      vertex 2.000000e+01 1.937500e+01 1.000000e+01
      vertex 2.075000e+01 1.937500e+01 1.000000e+01
      vertex 2.000000e+01 2.000000e+01 1.000000e+01
    endloop
  endfacet
  facet normal -0.000000e+00 0.000000e+00 1.000000e+00
    outer loop
      vertex 2.000000e+01 2.000000e+01 1.000000e+01
      vertex 2.075000e+01 1.937500e+01 1.000000e+01
      vertex 2.075000e+01 2.150000e+01 1.000000e+01
    endloop
  endfacet
  facet normal 0.000000e+00 0.000000e+00 1.000000e+00
    outer loop
      vertex 2.000000e+01 2.000000e+01 1.000000e+01
      vertex 2.075000e+01 2.150000e+01 1.000000e+01
      vertex 2.000000e+01 2.150000e+01 1.000000e+01
    endloop
  endfacet
  facet normal 0.000000e+00 -7.071068e-01 7.071068e-01
    outer loop
      vertex 2.150000e+01 5.750000e+00 1.150000e+01
      vertex 2.075000e+01 5.750000e+00 1.150000e+01
      vertex 2.150000e+01 5.000000e+00 1.075000e+01
    endloop
  endfacet
  facet normal 0.000000e+00 -7.071068e-01 7.071068e-01
    outer loop
      vertex 2.150000e+01 5.000000e+00 1.075000e+01
      vertex 2.075000e+01 5.750000e+00 1.150000e+01
      vertex 2.075000e+01 5.000000e+00 1.075000e+01
    endloop
  endfacet
  facet normal 0.000000e+00 -7.071068e-01 7.071068e-01
    outer loop
      vertex 2.150000e+01 5.000000e+00 1.075000e+01
      vertex 2.075000e+01 5.000000e+00 1.075000e+01
      vertex 2.150000e+01 4.250000e+00 1.000000e+01
    endloop
  endfacet
  facet normal 0.000000e+00 -7.071068e-01 7.071068e-01
    outer loop
      vertex 2.150000e+01 4.250000e+00 1.000000e+01
      vertex 2.075000e+01 5.000000e+00 1.075000e+01
      vertex 2.075000e+01 4.250000e+00 1.000000e+01
    endloop
  endfacet
  facet normal 0.000000e+00 -7.071068e-01 7.071068e-01
    outer loop
      vertex 2.075000e+01 5.750000e+00 1.150000e+01
      vertex 2.000000e+01 5.750000e+00 1.150000e+01
      vertex 2.075000e+01 5.000000e+00 1.075000e+01
    endloop
  endfacet
  facet normal 0.000000e+00 -7.071068e-01 7.071068e-01
    outer loop
      vertex 2.075000e+01 5.000000e+00 1.075000e+01
      vertex 2.000000e+01 5.750000e+00 1.150000e+01
      vertex 2.000000e+01 5.000000e+00 1.075000e+01
    endloop
  endfacet
  facet normal 0.000000e+00 -7.071068e-01 7.071068e-01
    outer loop
      vertex 2.075000e+01 5.000000e+00 1.075000e+01
      vertex 2.000000e+01 5.000000e+00 1.075000e+01
      vertex 2.075000e+01 4.250000e+00 1.000000e+01
    endloop
  endfacet
  facet normal 0.000000e+00 -7.071068e-01 7.071068e-01
    outer loop
      vertex 2.075000e+01 4.250000e+00 1.000000e+01
      vertex 2.000000e+01 5.000000e+00 1.075000e+01
      vertex 2.000000e+01 4.250000e+00 1.000000e+01
    endloop
  endfacet
  facet normal -6.246950e-01 -7.808689e-01 -0.000000e+00
    outer loop
      vertex 1.875000e+01 6.750000e+00 1.150000e+01
      vertex 1.875000e+01 6.750000e+00 1.075000e+01
      vertex 1.950000e+01 6.150000e+00 1.150000e+01
    endloop
  endfacet
  facet normal -6.246950e-01 -7.808688e-01 9.929260e-08
    outer loop
      vertex 2.000000e+01 5.750000e+00 1.075000e+01
      vertex 1.950000e+01 6.150000e+00 1.150000e+01
      vertex 1.875000e+01 6.750000e+00 1.075000e+01
    endloop
  endfacet
  facet normal -6.246951e-01 -7.808688e-01 -0.000000e+00
    outer loop
      vertex 2.000000e+01 5.750000e+00 1.150000e+01
      vertex 1.950000e+01 6.150000e+00 1.150000e+01
      vertex 2.000000e+01 5.750000e+00 1.075000e+01
    endloop
  endfacet
  facet normal -6.246950e-01 -7.808688e-01 0.000000e+00
    outer loop
      vertex 1.875000e+01 6.750000e+00 1.000000e+01
      vertex 1.875000e+01 6.750000e+00 1.075000e+01
      vertex 1.750000e+01 7.750000e+00 1.000000e+01
    endloop
  endfacet
  facet normal -6.246950e-01 -7.808688e-01 0.000000e+00
    outer loop
      vertex 1.750000e+01 7.750000e+00 1.000000e+01
      vertex 1.875000e+01 6.750000e+00 1.075000e+01
      vertex 1.750000e+01 7.750000e+00 1.075000e+01
    endloop
  endfacet
  facet normal -6.246950e-01 -7.808688e-01 0.000000e+00
    outer loop
      vertex 1.875000e+01 6.750000e+00 1.075000e+01
      vertex 1.875000e+01 6.750000e+00 1.150000e+01
      vertex 1.750000e+01 7.750000e+00 1.075000e+01
    endloop
  endfacet
  facet normal -6.246950e-01 -7.808688e-01 0.000000e+00
    outer loop
      vertex 1.750000e+01 7.750000e+00 1.075000e+01
      vertex 1.875000e+01 6.750000e+00 1.150000e+01
      vertex 1.750000e+01 7.750000e+00 1.150000e+01
    endloop
  endfacet
  facet normal -6.246950e-01 -7.808688e-01 0.000000e+00
    outer loop
      vertex 2.000000e+01 5.750000e+00 1.000000e+01
      vertex 2.000000e+01 5.750000e+00 1.075000e+01
      vertex 1.875000e+01 6.750000e+00 1.000000e+01
    endloop
  endfacet
  facet normal -6.246950e-01 -7.808688e-01 0.000000e+00
    outer loop
      vertex 1.875000e+01 6.750000e+00 1.000000e+01
      vertex 2.000000e+01 5.750000e+00 1.075000e+01
      vertex 1.875000e+01 6.750000e+00 1.075000e+01
    endloop
  endfacet
  facet normal 0.000000e+00 0.000000e+00 1.000000e+00
    outer loop
      vertex 2.075000e+01 5.750000e+00 1.150000e+01
      vertex 1.950000e+01 6.150000e+00 1.150000e+01
      vertex 2.000000e+01 5.750000e+00 1.150000e+01
    endloop
  endfacet
  facet normal 0.000000e+00 0.000000e+00 1.000000e+00
    outer loop
      vertex 1.950000e+01 6.150000e+00 1.150000e+01
      vertex 2.075000e+01 5.750000e+00 1.150000e+01
      vertex 2.150000e+01 5.750000e+00 1.150000e+01
    endloop
  endfacet
  facet normal 0.000000e+00 0.000000e+00 1.000000e+00
    outer loop
      vertex 1.950000e+01 1.075000e+01 1.150000e+01
      vertex 2.150000e+01 1.075000e+01 1.150000e+01
      vertex 1.950000e+01 1.535000e+01 1.150000e+01
    endloop
  endfacet
  facet normal -0.000000e+00 0.000000e+00 1.000000e+00
    outer loop
      vertex 1.950000e+01 1.535000e+01 1.150000e+01
      vertex 2.150000e+01 1.075000e+01 1.150000e+01
      vertex 2.150000e+01 1.575000e+01 1.150000e+01
    endloop
  endfacet
  facet normal 0.000000e+00 0.000000e+00 1.000000e+00
    outer loop
      vertex 1.950000e+01 1.535000e+01 1.150000e+01
      vertex 2.150000e+01 1.575000e+01 1.150000e+01
      vertex 2.000000e+01 1.575000e+01 1.150000e+01
    endloop
  endfacet
  facet normal 0.000000e+00 0.000000e+00 1.000000e+00
    outer loop
      vertex 2.150000e+01 1.075000e+01 1.150000e+01
      vertex 1.950000e+01 1.075000e+01 1.150000e+01
      vertex 2.150000e+01 5.750000e+00 1.150000e+01
    endloop
  endfacet
  facet normal 0.000000e+00 0.000000e+00 1.000000e+00
    outer loop
      vertex 2.150000e+01 5.750000e+00 1.150000e+01
      vertex 1.950000e+01 1.075000e+01 1.150000e+01
      vertex 1.950000e+01 6.150000e+00 1.150000e+01
    endloop
  endfacet
  facet normal 0.000000e+00 0.000000e+00 1.000000e+00
    outer loop
      vertex 1.750000e+01 1.075000e+01 1.150000e+01
      vertex 1.950000e+01 1.075000e+01 1.150000e+01
      vertex 1.750000e+01 1.375000e+01 1.150000e+01
    endloop
  endfacet
  facet normal -0.000000e+00 0.000000e+00 1.000000e+00
    outer loop
      vertex 1.750000e+01 1.375000e+01 1.150000e+01
      vertex 1.950000e+01 1.075000e+01 1.150000e+01
      vertex 1.950000e+01 1.535000e+01 1.150000e+01
    endloop
  endfacet
  facet normal -0.000000e+00 0.000000e+00 1.000000e+00
    outer loop
      vertex 1.750000e+01 1.075000e+01 1.150000e+01
      vertex 1.750000e+01 7.750000e+00 1.150000e+01
      vertex 1.950000e+01 1.075000e+01 1.150000e+01
    endloop
  endfacet
  facet normal 0.000000e+00 0.000000e+00 1.000000e+00
    outer loop
      vertex 1.950000e+01 1.075000e+01 1.150000e+01
      vertex 1.750000e+01 7.750000e+00 1.150000e+01
      vertex 1.875000e+01 6.750000e+00 1.150000e+01
    endloop
  endfacet
  facet normal 0.000000e+00 0.000000e+00 1.000000e+00
    outer loop
      vertex 1.950000e+01 1.075000e+01 1.150000e+01
      vertex 1.875000e+01 6.750000e+00 1.150000e+01
      vertex 1.950000e+01 6.150000e+00 1.150000e+01
    endloop
  endfacet
  facet normal 0.000000e+00 0.000000e+00 -1.000000e+00
    outer loop
      vertex 1.875000e+01 6.750000e+00 1.000000e+01
      vertex 1.875000e+01 1.075000e+01 1.000000e+01
      vertex 2.000000e+01 5.750000e+00 1.000000e+01
    endloop
  endfacet
  facet normal 0.000000e+00 0.000000e+00 -1.000000e+00
    outer loop
      vertex 2.000000e+01 5.750000e+00 1.000000e+01
      vertex 1.875000e+01 1.075000e+01 1.000000e+01
      vertex 2.000000e+01 1.075000e+01 1.000000e+01
    endloop
  endfacet
  facet normal 0.000000e+00 0.000000e+00 -1.000000e+00
    outer loop
      vertex 1.875000e+01 1.075000e+01 1.000000e+01
      vertex 1.875000e+01 1.475000e+01 1.000000e+01
      vertex 2.000000e+01 1.075000e+01 1.000000e+01
    endloop
  endfacet
  facet normal 0.000000e+00 0.000000e+00 -1.000000e+00
    outer loop
      vertex 2.000000e+01 1.075000e+01 1.000000e+01
      vertex 1.875000e+01 1.475000e+01 1.000000e+01
      vertex 2.000000e+01 1.575000e+01 1.000000e+01
    endloop
  endfacet
  facet normal 0.000000e+00 0.000000e+00 -1.000000e+00
    outer loop
      vertex 1.750000e+01 7.750000e+00 1.000000e+01
      vertex 1.750000e+01 1.075000e+01 1.000000e+01
      vertex 1.875000e+01 6.750000e+00 1.000000e+01
    endloop
  endfacet
  facet normal 0.000000e+00 0.000000e+00 -1.000000e+00
    outer loop
      vertex 1.875000e+01 6.750000e+00 1.000000e+01
      vertex 1.750000e+01 1.075000e+01 1.000000e+01
      vertex 1.875000e+01 1.075000e+01 1.000000e+01
    endloop
  endfacet
  facet normal 0.000000e+00 0.000000e+00 -1.000000e+00
    outer loop
      vertex 1.750000e+01 1.075000e+01 1.000000e+01
      vertex 1.750000e+01 1.375000e+01 1.000000e+01
      vertex 1.875000e+01 1.075000e+01 1.000000e+01
    endloop
  endfacet
  facet normal 0.000000e+00 0.000000e+00 -1.000000e+00
    outer loop
      vertex 1.875000e+01 1.075000e+01 1.000000e+01
      vertex 1.750000e+01 1.375000e+01 1.000000e+01
      vertex 1.875000e+01 1.475000e+01 1.000000e+01
    endloop
  endfacet
  facet normal -1.000000e+00 0.000000e+00 0.000000e+00
    outer loop
      vertex 2.000000e+01 5.750000e+00 1.075000e+01
      vertex 2.000000e+01 5.000000e+00 1.075000e+01
      vertex 2.000000e+01 5.750000e+00 1.150000e+01
    endloop
  endfacet
  facet normal -1.000000e+00 -0.000000e+00 -0.000000e+00
    outer loop
      vertex 2.000000e+01 2.125000e+00 1.000000e+01
      vertex 2.000000e+01 1.075000e+01 7.250000e+00
      vertex 2.000000e+01 1.500000e+00 1.000000e+01
    endloop
  endfacet
  facet normal -1.000000e+00 0.000000e+00 0.000000e+00
    outer loop
      vertex 2.000000e+01 1.075000e+01 7.250000e+00
      vertex 2.000000e+01 2.125000e+00 1.000000e+01
      vertex 2.000000e+01 4.250000e+00 1.000000e+01
    endloop
  endfacet
  facet normal -1.000000e+00 0.000000e+00 0.000000e+00
    outer loop
      vertex 2.000000e+01 4.250000e+00 1.000000e+01
      vertex 2.000000e+01 5.750000e+00 1.075000e+01
      vertex 2.000000e+01 5.750000e+00 1.000000e+01
    endloop
  endfacet
  facet normal -1.000000e+00 0.000000e+00 -0.000000e+00
    outer loop
      vertex 2.000000e+01 5.000000e+00 1.075000e+01
      vertex 2.000000e+01 5.750000e+00 1.075000e+01
      vertex 2.000000e+01 4.250000e+00 1.000000e+01
    endloop
  endfacet
  facet normal -1.000000e+00 0.000000e+00 0.000000e+00
    outer loop
      vertex 2.000000e+01 1.725000e+01 1.000000e+01
      vertex 2.000000e+01 1.575000e+01 1.000000e+01
      vertex 2.000000e+01 1.575000e+01 1.150000e+01
    endloop
  endfacet
  facet normal -1.000000e+00 0.000000e+00 0.000000e+00
    outer loop
      vertex 2.000000e+01 1.075000e+01 7.250000e+00
      vertex 2.000000e+01 2.000000e+01 7.250000e+00
      vertex 2.000000e+01 1.075000e+01 3.000000e+00
    endloop
  endfacet
  facet normal -1.000000e+00 0.000000e+00 0.000000e+00
    outer loop
      vertex 2.000000e+01 1.075000e+01 3.000000e+00
      vertex 2.000000e+01 2.000000e+01 7.250000e+00
      vertex 2.000000e+01 2.000000e+01 3.000000e+00
    endloop
  endfacet
  facet normal -1.000000e+00 0.000000e+00 0.000000e+00
    outer loop
      vertex 2.000000e+01 1.500000e+00 7.250000e+00
      vertex 2.000000e+01 1.075000e+01 7.250000e+00
      vertex 2.000000e+01 1.500000e+00 3.000000e+00
    endloop
  endfacet
  facet normal -1.000000e+00 0.000000e+00 0.000000e+00
    outer loop
      vertex 2.000000e+01 1.500000e+00 3.000000e+00
      vertex 2.000000e+01 1.075000e+01 7.250000e+00
      vertex 2.000000e+01 1.075000e+01 3.000000e+00
    endloop
  endfacet
  facet normal -1.000000e+00 0.000000e+00 0.000000e+00
    outer loop
      vertex 2.000000e+01 1.075000e+01 7.250000e+00
      vertex 2.000000e+01 4.250000e+00 1.000000e+01
      vertex 2.000000e+01 5.750000e+00 1.000000e+01
    endloop
  endfacet
  facet normal -1.000000e+00 0.000000e+00 0.000000e+00
    outer loop
      vertex 2.000000e+01 1.075000e+01 7.250000e+00
      vertex 2.000000e+01 5.750000e+00 1.000000e+01
      vertex 2.000000e+01 1.075000e+01 1.000000e+01
    endloop
  endfacet
  facet normal -1.000000e+00 0.000000e+00 0.000000e+00
    outer loop
      vertex 2.000000e+01 2.000000e+01 7.250000e+00
      vertex 2.000000e+01 1.075000e+01 7.250000e+00
      vertex 2.000000e+01 1.075000e+01 1.000000e+01
    endloop
  endfacet
  facet normal -1.000000e+00 0.000000e+00 0.000000e+00
    outer loop
      vertex 2.000000e+01 2.000000e+01 7.250000e+00
      vertex 2.000000e+01 1.075000e+01 1.000000e+01
      vertex 2.000000e+01 1.575000e+01 1.000000e+01
    endloop
  endfacet
  facet normal -1.000000e+00 0.000000e+00 0.000000e+00
    outer loop
      vertex 2.000000e+01 2.000000e+01 7.250000e+00
      vertex 2.000000e+01 1.575000e+01 1.000000e+01
      vertex 2.000000e+01 1.725000e+01 1.000000e+01
    endloop
  endfacet
  facet normal -1.000000e+00 0.000000e+00 0.000000e+00
    outer loop
      vertex 2.000000e+01 2.000000e+01 7.250000e+00
      vertex 2.000000e+01 1.725000e+01 1.000000e+01
      vertex 2.000000e+01 2.000000e+01 1.000000e+01
    endloop
  endfacet
  facet normal -1.000000e+00 0.000000e+00 0.000000e+00
    outer loop
      vertex 2.000000e+01 1.075000e+01 7.250000e+00
      vertex 2.000000e+01 1.500000e+00 7.250000e+00
      vertex 2.000000e+01 1.500000e+00 1.000000e+01
    endloop
  endfacet
  facet normal 0.000000e+00 0.000000e+00 1.000000e+00
    outer loop
      vertex 2.075000e+01 0.000000e+00 1.000000e+01
      vertex 2.150000e+01 0.000000e+00 1.000000e+01
      vertex 2.075000e+01 2.125000e+00 1.000000e+01
    endloop
  endfacet
  facet normal -0.000000e+00 0.000000e+00 1.000000e+00
    outer loop
      vertex 2.075000e+01 2.125000e+00 1.000000e+01
      vertex 2.150000e+01 0.000000e+00 1.000000e+01
      vertex 2.150000e+01 2.125000e+00 1.000000e+01
    endloop
  endfacet
  facet normal 0.000000e+00 0.000000e+00 1.000000e+00
    outer loop
      vertex 2.075000e+01 2.125000e+00 1.000000e+01
      vertex 2.150000e+01 2.125000e+00 1.000000e+01
      vertex 2.075000e+01 4.250000e+00 1.000000e+01
    endloop
  endfacet
  facet normal -0.000000e+00 0.000000e+00 1.000000e+00
    outer loop
      vertex 2.075000e+01 4.250000e+00 1.000000e+01
      vertex 2.150000e+01 2.125000e+00 1.000000e+01
      vertex 2.150000e+01 4.250000e+00 1.000000e+01
    endloop
  endfacet
  facet normal 0.000000e+00 0.000000e+00 1.000000e+00
    outer loop
      vertex 2.000000e+01 0.000000e+00 1.000000e+01
      vertex 2.075000e+01 0.000000e+00 1.000000e+01
      vertex 2.000000e+01 1.500000e+00 1.000000e+01
    endloop
  endfacet
  facet normal -0.000000e+00 0.000000e+00 1.000000e+00
    outer loop
      vertex 2.000000e+01 1.500000e+00 1.000000e+01
      vertex 2.075000e+01 0.000000e+00 1.000000e+01
      vertex 2.075000e+01 2.125000e+00 1.000000e+01
    endloop
  endfacet
  facet normal 0.000000e+00 0.000000e+00 1.000000e+00
    outer loop
      vertex 2.000000e+01 1.500000e+00 1.000000e+01
      vertex 2.075000e+01 2.125000e+00 1.000000e+01
      vertex 2.000000e+01 2.125000e+00 1.000000e+01
    endloop
  endfacet
  facet normal 0.000000e+00 0.000000e+00 1.000000e+00
    outer loop
      vertex 2.075000e+01 4.250000e+00 1.000000e+01
      vertex 2.000000e+01 4.250000e+00 1.000000e+01
      vertex 2.075000e+01 2.125000e+00 1.000000e+01
    endloop
  endfacet
  facet normal 0.000000e+00 0.000000e+00 1.000000e+00
    outer loop
      vertex 2.075000e+01 2.125000e+00 1.000000e+01
      vertex 2.000000e+01 4.250000e+00 1.000000e+01
      vertex 2.000000e+01 2.125000e+00 1.000000e+01
    endloop
  endfacet
  facet normal -7.071068e-01 0.000000e+00 -7.071068e-01
    outer loop
      vertex -5.500000e+00 -1.750000e+00 -1.000000e+00
      vertex -5.500000e+00 -1.250000e-01 -1.000000e+00
      vertex -4.125000e+00 -1.750000e+00 -2.375000e+00
    endloop
  endfacet
  facet normal -7.071068e-01 0.000000e+00 -7.071068e-01
    outer loop
      vertex -4.125000e+00 -1.750000e+00 -2.375000e+00
      vertex -5.500000e+00 -1.250000e-01 -1.000000e+00
      vertex -4.125000e+00 -1.250000e-01 -2.375000e+00
    endloop
  endfacet
  facet normal -7.071068e-01 0.000000e+00 -7.071068e-01
    outer loop
      vertex -5.500000e+00 -1.250000e-01 -1.000000e+00
      vertex -5.500000e+00 1.500000e+00 -1.000000e+00
      vertex -4.125000e+00 -1.250000e-01 -2.375000e+00
    endloop
  endfacet
  facet normal -7.071068e-01 0.000000e+00 -7.071068e-01
    outer loop
      vertex -4.125000e+00 -1.250000e-01 -2.375000e+00
      vertex -5.500000e+00 1.500000e+00 -1.000000e+00
      vertex -4.125000e+00 1.500000e+00 -2.375000e+00
    endloop
  endfacet
  facet normal -7.071068e-01 0.000000e+00 -7.071068e-01
    outer loop
      vertex -4.125000e+00 -1.750000e+00 -2.375000e+00
      vertex -4.125000e+00 -1.250000e-01 -2.375000e+00
      vertex -2.750000e+00 -1.750000e+00 -3.750000e+00
    endloop
  endfacet
  facet normal -7.071068e-01 0.000000e+00 -7.071068e-01
    outer loop
      vertex -2.750000e+00 -1.750000e+00 -3.750000e+00
      vertex -4.125000e+00 -1.250000e-01 -2.375000e+00
      vertex -2.750000e+00 -1.250000e-01 -3.750000e+00
    endloop
  endfacet
  facet normal -7.071068e-01 0.000000e+00 -7.071068e-01
    outer loop
      vertex -4.125000e+00 -1.250000e-01 -2.375000e+00
      vertex -4.125000e+00 1.500000e+00 -2.375000e+00
      vertex -2.750000e+00 -1.250000e-01 -3.750000e+00
    endloop
  endfacet
  facet normal -7.071068e-01 0.000000e+00 -7.071068e-01
    outer loop
      vertex -2.750000e+00 -1.250000e-01 -3.750000e+00
      vertex -4.125000e+00 1.500000e+00 -2.375000e+00
      vertex -2.750000e+00 1.500000e+00 -3.750000e+00
    endloop
  endfacet
  facet normal 0.000000e+00 0.000000e+00 -1.000000e+00
    outer loop
      vertex -1.750000e+00 -1.250000e-01 -3.750000e+00
      vertex -7.500000e-01 -1.250000e-01 -3.750000e+00
      vertex -1.750000e+00 -1.750000e+00 -3.750000e+00
    endloop
  endfacet
  facet normal 0.000000e+00 0.000000e+00 -1.000000e+00
    outer loop
      vertex -1.750000e+00 -1.750000e+00 -3.750000e+00
      vertex -7.500000e-01 -1.250000e-01 -3.750000e+00
      vertex -7.500000e-01 -1.750000e+00 -3.750000e+00
    endloop
  endfacet
  facet normal 0.000000e+00 0.000000e+00 -1.000000e+00
    outer loop
      vertex -7.500000e-01 -1.250000e-01 -3.750000e+00
      vertex -1.750000e+00 -1.250000e-01 -3.750000e+00
      vertex -7.500000e-01 1.250000e-01 -3.750000e+00
    endloop
  endfacet
  facet normal -0.000000e+00 0.000000e+00 -1.000000e+00
    outer loop
      vertex -7.500000e-01 1.250000e-01 -3.750000e+00
      vertex -1.750000e+00 -1.250000e-01 -3.750000e+00
      vertex -1.750000e+00 1.500000e+00 -3.750000e+00
    endloop
  endfacet
  facet normal 0.000000e+00 0.000000e+00 -1.000000e+00
    outer loop
      vertex -7.500000e-01 1.250000e-01 -3.750000e+00
      vertex -1.750000e+00 1.500000e+00 -3.750000e+00
      vertex -7.500000e-01 1.500000e+00 -3.750000e+00
    endloop
  endfacet
  facet normal 0.000000e+00 0.000000e+00 -1.000000e+00
    outer loop
      vertex -1.750000e+00 -1.750000e+00 -3.750000e+00
      vertex -2.750000e+00 -1.750000e+00 -3.750000e+00
      vertex -1.750000e+00 -1.250000e-01 -3.750000e+00
    endloop
  endfacet
  facet normal -0.000000e+00 0.000000e+00 -1.000000e+00
    outer loop
      vertex -1.750000e+00 -1.250000e-01 -3.750000e+00
      vertex -2.750000e+00 -1.750000e+00 -3.750000e+00
      vertex -2.750000e+00 -1.250000e-01 -3.750000e+00
    endloop
  endfacet
  facet normal 0.000000e+00 0.000000e+00 -1.000000e+00
    outer loop
      vertex -1.750000e+00 -1.250000e-01 -3.750000e+00
      vertex -2.750000e+00 -1.250000e-01 -3.750000e+00
      vertex -1.750000e+00 1.500000e+00 -3.750000e+00
    endloop
  endfacet
  facet normal -0.000000e+00 0.000000e+00 -1.000000e+00
    outer loop
      vertex -1.750000e+00 1.500000e+00 -3.750000e+00
      vertex -2.750000e+00 -1.250000e-01 -3.750000e+00
      vertex -2.750000e+00 1.500000e+00 -3.750000e+00
    endloop
  endfacet
  facet normal -7.071068e-01 0.000000e+00 7.071068e-01
    outer loop
      vertex -2.750000e+00 -1.750000e+00 3.750000e+00
      vertex -2.750000e+00 -1.250000e-01 3.750000e+00
      vertex -4.125000e+00 -1.750000e+00 2.375000e+00
    endloop
  endfacet
  facet normal -7.071068e-01 0.000000e+00 7.071068e-01
    outer loop
      vertex -4.125000e+00 -1.750000e+00 2.375000e+00
      vertex -2.750000e+00 -1.250000e-01 3.750000e+00
      vertex -4.125000e+00 -1.250000e-01 2.375000e+00
    endloop
  endfacet
  facet normal -7.071068e-01 0.000000e+00 7.071068e-01
    outer loop
      vertex -2.750000e+00 -1.250000e-01 3.750000e+00
      vertex -2.750000e+00 1.500000e+00 3.750000e+00
      vertex -4.125000e+00 -1.250000e-01 2.375000e+00
    endloop
  endfacet
  facet normal -7.071068e-01 0.000000e+00 7.071068e-01
    outer loop
      vertex -4.125000e+00 -1.250000e-01 2.375000e+00
      vertex -2.750000e+00 1.500000e+00 3.750000e+00
      vertex -4.125000e+00 1.500000e+00 2.375000e+00
    endloop
  endfacet
  facet normal -7.071068e-01 0.000000e+00 7.071068e-01
    outer loop
      vertex -4.125000e+00 -1.750000e+00 2.375000e+00
      vertex -4.125000e+00 -1.250000e-01 2.375000e+00
      vertex -5.500000e+00 -1.750000e+00 1.000000e+00
    endloop
  endfacet
  facet normal -7.071068e-01 0.000000e+00 7.071068e-01
    outer loop
      vertex -5.500000e+00 -1.750000e+00 1.000000e+00
      vertex -4.125000e+00 -1.250000e-01 2.375000e+00
      vertex -5.500000e+00 -1.250000e-01 1.000000e+00
    endloop
  endfacet
  facet normal -7.071068e-01 0.000000e+00 7.071068e-01
    outer loop
      vertex -4.125000e+00 -1.250000e-01 2.375000e+00
      vertex -4.125000e+00 1.500000e+00 2.375000e+00
      vertex -5.500000e+00 -1.250000e-01 1.000000e+00
    endloop
  endfacet
  facet normal -7.071068e-01 0.000000e+00 7.071068e-01
    outer loop
      vertex -5.500000e+00 -1.250000e-01 1.000000e+00
      vertex -4.125000e+00 1.500000e+00 2.375000e+00
      vertex -5.500000e+00 1.500000e+00 1.000000e+00
    endloop
  endfacet
  facet normal -1.000000e+00 0.000000e+00 0.000000e+00
    outer loop
      vertex -5.500000e+00 -1.750000e+00 1.000000e+00
      vertex -5.500000e+00 -1.250000e-01 1.000000e+00
      vertex -5.500000e+00 -1.750000e+00 0.000000e+00
    endloop
  endfacet
  facet normal -1.000000e+00 0.000000e+00 0.000000e+00
    outer loop
      vertex -5.500000e+00 -1.750000e+00 0.000000e+00
      vertex -5.500000e+00 -1.250000e-01 1.000000e+00
      vertex -5.500000e+00 -1.250000e-01 0.000000e+00
    endloop
  endfacet
  facet normal -1.000000e+00 0.000000e+00 0.000000e+00
    outer loop
      vertex -5.500000e+00 -1.250000e-01 1.000000e+00
      vertex -5.500000e+00 1.500000e+00 1.000000e+00
      vertex -5.500000e+00 -1.250000e-01 0.000000e+00
    endloop
  endfacet
  facet normal -1.000000e+00 0.000000e+00 0.000000e+00
    outer loop
      vertex -5.500000e+00 -1.250000e-01 0.000000e+00
      vertex -5.500000e+00 1.500000e+00 1.000000e+00
      vertex -5.500000e+00 1.500000e+00 0.000000e+00
    endloop
  endfacet
  facet normal -1.000000e+00 0.000000e+00 0.000000e+00
    outer loop
      vertex -5.500000e+00 -1.750000e+00 0.000000e+00
      vertex -5.500000e+00 -1.250000e-01 0.000000e+00
      vertex -5.500000e+00 -1.750000e+00 -1.000000e+00
    endloop
  endfacet
  facet normal -1.000000e+00 0.000000e+00 0.000000e+00
    outer loop
      vertex -5.500000e+00 -1.750000e+00 -1.000000e+00
      vertex -5.500000e+00 -1.250000e-01 0.000000e+00
      vertex -5.500000e+00 -1.250000e-01 -1.000000e+00
    endloop
  endfacet
  facet normal -1.000000e+00 0.000000e+00 0.000000e+00
    outer loop
      vertex -5.500000e+00 -1.250000e-01 0.000000e+00
      vertex -5.500000e+00 1.500000e+00 0.000000e+00
      vertex -5.500000e+00 -1.250000e-01 -1.000000e+00
    endloop
  endfacet
  facet normal -1.000000e+00 0.000000e+00 0.000000e+00
    outer loop
      vertex -5.500000e+00 -1.250000e-01 -1.000000e+00
      vertex -5.500000e+00 1.500000e+00 0.000000e+00
      vertex -5.500000e+00 1.500000e+00 -1.000000e+00
    endloop
  endfacet
  facet normal -7.071068e-01 0.000000e+00 -7.071068e-01
    outer loop
      vertex -5.500000e+00 2.000000e+01 -1.000000e+00
      vertex -5.500000e+00 2.162500e+01 -1.000000e+00
      vertex -4.125000e+00 2.000000e+01 -2.375000e+00
    endloop
  endfacet
  facet normal -7.071068e-01 0.000000e+00 -7.071068e-01
    outer loop
      vertex -4.125000e+00 2.000000e+01 -2.375000e+00
      vertex -5.500000e+00 2.162500e+01 -1.000000e+00
      vertex -4.125000e+00 2.162500e+01 -2.375000e+00
    endloop
  endfacet
  facet normal -7.071068e-01 0.000000e+00 -7.071068e-01
    outer loop
      vertex -5.500000e+00 2.162500e+01 -1.000000e+00
      vertex -5.500000e+00 2.325000e+01 -1.000000e+00
      vertex -4.125000e+00 2.162500e+01 -2.375000e+00
    endloop
  endfacet
  facet normal -7.071068e-01 0.000000e+00 -7.071068e-01
    outer loop
      vertex -4.125000e+00 2.162500e+01 -2.375000e+00
      vertex -5.500000e+00 2.325000e+01 -1.000000e+00
      vertex -4.125000e+00 2.325000e+01 -2.375000e+00
    endloop
  endfacet
  facet normal -7.071068e-01 0.000000e+00 -7.071068e-01
    outer loop
      vertex -4.125000e+00 2.000000e+01 -2.375000e+00
      vertex -4.125000e+00 2.162500e+01 -2.375000e+00
      vertex -2.750000e+00 2.000000e+01 -3.750000e+00
    endloop
  endfacet
  facet normal -7.071068e-01 0.000000e+00 -7.071068e-01
    outer loop
      vertex -2.750000e+00 2.000000e+01 -3.750000e+00
      vertex -4.125000e+00 2.162500e+01 -2.375000e+00
      vertex -2.750000e+00 2.162500e+01 -3.750000e+00
    endloop
  endfacet
  facet normal -7.071068e-01 0.000000e+00 -7.071068e-01
    outer loop
      vertex -4.125000e+00 2.162500e+01 -2.375000e+00
      vertex -4.125000e+00 2.325000e+01 -2.375000e+00
      vertex -2.750000e+00 2.162500e+01 -3.750000e+00
    endloop
  endfacet
  facet normal -7.071068e-01 0.000000e+00 -7.071068e-01
    outer loop
      vertex -2.750000e+00 2.162500e+01 -3.750000e+00
      vertex -4.125000e+00 2.325000e+01 -2.375000e+00
      vertex -2.750000e+00 2.325000e+01 -3.750000e+00
    endloop
  endfacet
  facet normal 0.000000e+00 0.000000e+00 -1.000000e+00
    outer loop
      vertex -7.500000e-01 2.137500e+01 -3.750000e+00
      vertex -1.750000e+00 2.162500e+01 -3.750000e+00
      vertex -7.500000e-01 2.162500e+01 -3.750000e+00
    endloop
  endfacet
  facet normal 0.000000e+00 0.000000e+00 -1.000000e+00
    outer loop
      vertex -1.750000e+00 2.162500e+01 -3.750000e+00
      vertex -7.500000e-01 2.137500e+01 -3.750000e+00
      vertex -1.750000e+00 2.000000e+01 -3.750000e+00
    endloop
  endfacet
  facet normal 0.000000e+00 0.000000e+00 -1.000000e+00
    outer loop
      vertex -1.750000e+00 2.000000e+01 -3.750000e+00
      vertex -7.500000e-01 2.137500e+01 -3.750000e+00
      vertex -7.500000e-01 2.000000e+01 -3.750000e+00
    endloop
  endfacet
  facet normal 0.000000e+00 0.000000e+00 -1.000000e+00
    outer loop
      vertex -7.500000e-01 2.162500e+01 -3.750000e+00
      vertex -1.750000e+00 2.162500e+01 -3.750000e+00
      vertex -7.500000e-01 2.325000e+01 -3.750000e+00
    endloop
  endfacet
  facet normal -0.000000e+00 0.000000e+00 -1.000000e+00
    outer loop
      vertex -7.500000e-01 2.325000e+01 -3.750000e+00
      vertex -1.750000e+00 2.162500e+01 -3.750000e+00
      vertex -1.750000e+00 2.325000e+01 -3.750000e+00
    endloop
  endfacet
  facet normal -0.000000e+00 -0.000000e+00 -1.000000e+00
    outer loop
      vertex -1.750000e+00 2.162500e+01 -3.750000e+00
      vertex -1.750000e+00 2.000000e+01 -3.750000e+00
      vertex -2.750000e+00 2.162500e+01 -3.750000e+00
    endloop
  endfacet
  facet normal 0.000000e+00 0.000000e+00 -1.000000e+00
    outer loop
      vertex -2.750000e+00 2.162500e+01 -3.750000e+00
      vertex -1.750000e+00 2.000000e+01 -3.750000e+00
      vertex -2.000000e+00 2.000000e+01 -3.750000e+00
    endloop
  endfacet
  facet normal 0.000000e+00 0.000000e+00 -1.000000e+00
    outer loop
      vertex -2.750000e+00 2.162500e+01 -3.750000e+00
      vertex -2.000000e+00 2.000000e+01 -3.750000e+00
      vertex -2.750000e+00 2.000000e+01 -3.750000e+00
    endloop
  endfacet
  facet normal 0.000000e+00 0.000000e+00 -1.000000e+00
    outer loop
      vertex -2.750000e+00 2.325000e+01 -3.750000e+00
      vertex -1.750000e+00 2.325000e+01 -3.750000e+00
      vertex -2.750000e+00 2.162500e+01 -3.750000e+00
    endloop
  endfacet
  facet normal 0.000000e+00 0.000000e+00 -1.000000e+00
    outer loop
      vertex -2.750000e+00 2.162500e+01 -3.750000e+00
      vertex -1.750000e+00 2.325000e+01 -3.750000e+00
      vertex -1.750000e+00 2.162500e+01 -3.750000e+00
    endloop
  endfacet
  facet normal -1.000000e+00 0.000000e+00 0.000000e+00
    outer loop
      vertex -5.500000e+00 2.000000e+01 1.000000e+00
      vertex -5.500000e+00 2.162500e+01 1.000000e+00
      vertex -5.500000e+00 2.000000e+01 0.000000e+00
    endloop
  endfacet
  facet normal -1.000000e+00 0.000000e+00 0.000000e+00
    outer loop
      vertex -5.500000e+00 2.000000e+01 0.000000e+00
      vertex -5.500000e+00 2.162500e+01 1.000000e+00
      vertex -5.500000e+00 2.162500e+01 0.000000e+00
    endloop
  endfacet
  facet normal -1.000000e+00 0.000000e+00 0.000000e+00
    outer loop
      vertex -5.500000e+00 2.162500e+01 1.000000e+00
      vertex -5.500000e+00 2.325000e+01 1.000000e+00
      vertex -5.500000e+00 2.162500e+01 0.000000e+00
    endloop
  endfacet
  facet normal -1.000000e+00 0.000000e+00 0.000000e+00
    outer loop
      vertex -5.500000e+00 2.162500e+01 0.000000e+00
      vertex -5.500000e+00 2.325000e+01 1.000000e+00
      vertex -5.500000e+00 2.325000e+01 0.000000e+00
    endloop
  endfacet
  facet normal -1.000000e+00 0.000000e+00 0.000000e+00
    outer loop
      vertex -5.500000e+00 2.000000e+01 0.000000e+00
      vertex -5.500000e+00 2.162500e+01 0.000000e+00
      vertex -5.500000e+00 2.000000e+01 -1.000000e+00
    endloop
  endfacet
  facet normal -1.000000e+00 0.000000e+00 0.000000e+00
    outer loop
      vertex -5.500000e+00 2.000000e+01 -1.000000e+00
      vertex -5.500000e+00 2.162500e+01 0.000000e+00
      vertex -5.500000e+00 2.162500e+01 -1.000000e+00
    endloop
  endfacet
  facet normal -1.000000e+00 0.000000e+00 0.000000e+00
    outer loop
      vertex -5.500000e+00 2.162500e+01 0.000000e+00
      vertex -5.500000e+00 2.325000e+01 0.000000e+00
      vertex -5.500000e+00 2.162500e+01 -1.000000e+00
    endloop
  endfacet
  facet normal -1.000000e+00 0.000000e+00 0.000000e+00
    outer loop
      vertex -5.500000e+00 2.162500e+01 -1.000000e+00
      vertex -5.500000e+00 2.325000e+01 0.000000e+00
      vertex -5.500000e+00 2.325000e+01 -1.000000e+00
    endloop
  endfacet
  facet normal 1.000000e+00 0.000000e+00 -0.000000e+00
    outer loop
      vertex 1.500000e+00 1.612500e+01 3.000000e+00
      vertex 1.500000e+00 1.612500e+01 6.500000e+00
      vertex 1.500000e+00 1.225000e+01 3.000000e+00
    endloop
  endfacet
  facet normal 1.000000e+00 0.000000e+00 0.000000e+00
    outer loop
      vertex 1.500000e+00 1.225000e+01 3.000000e+00
      vertex 1.500000e+00 1.612500e+01 6.500000e+00
      vertex 1.500000e+00 1.575000e+01 6.500000e+00
    endloop
  endfacet
  facet normal 1.000000e+00 0.000000e+00 -0.000000e+00
    outer loop
      vertex 1.500000e+00 2.000000e+01 3.000000e+00
      vertex 1.500000e+00 2.000000e+01 6.500000e+00
      vertex 1.500000e+00 1.612500e+01 3.000000e+00
    endloop
  endfacet
  facet normal 1.000000e+00 0.000000e+00 0.000000e+00
    outer loop
      vertex 1.500000e+00 1.612500e+01 3.000000e+00
      vertex 1.500000e+00 2.000000e+01 6.500000e+00
      vertex 1.500000e+00 1.612500e+01 6.500000e+00
    endloop
  endfacet
  facet normal 1.000000e+00 0.000000e+00 0.000000e+00
    outer loop
      vertex 1.500000e+00 1.612500e+01 1.000000e+01
      vertex 1.500000e+00 1.600000e+01 1.000000e+01
      vertex 1.500000e+00 1.612500e+01 6.500000e+00
    endloop
  endfacet
  facet normal 1.000000e+00 0.000000e+00 0.000000e+00
    outer loop
      vertex 1.500000e+00 1.612500e+01 6.500000e+00
      vertex 1.500000e+00 1.600000e+01 1.000000e+01
      vertex 1.500000e+00 1.600000e+01 6.750000e+00
    endloop
  endfacet
  facet normal 1.000000e+00 0.000000e+00 0.000000e+00
    outer loop
      vertex 1.500000e+00 1.612500e+01 6.500000e+00
      vertex 1.500000e+00 1.600000e+01 6.750000e+00
      vertex 1.500000e+00 1.575000e+01 6.500000e+00
    endloop
  endfacet
  facet normal 1.000000e+00 0.000000e+00 0.000000e+00
    outer loop
      vertex 1.500000e+00 1.612500e+01 6.500000e+00
      vertex 1.500000e+00 2.000000e+01 6.500000e+00
      vertex 1.500000e+00 1.612500e+01 1.000000e+01
    endloop
  endfacet
  facet normal 1.000000e+00 0.000000e+00 0.000000e+00
    outer loop
      vertex 1.500000e+00 1.612500e+01 1.000000e+01
      vertex 1.500000e+00 2.000000e+01 6.500000e+00
      vertex 1.500000e+00 2.000000e+01 7.250000e+00
    endloop
  endfacet
  facet normal 1.000000e+00 -0.000000e+00 0.000000e+00
    outer loop
      vertex 1.500000e+00 1.612500e+01 1.000000e+01
      vertex 1.500000e+00 2.000000e+01 7.250000e+00
      vertex 1.500000e+00 2.000000e+01 1.000000e+01
    endloop
  endfacet
  facet normal 0.000000e+00 -1.000000e+00 0.000000e+00
    outer loop
      vertex 1.500000e+00 2.000000e+01 6.500000e+00
      vertex 9.750000e+00 2.000000e+01 7.250000e+00
      vertex 1.500000e+00 2.000000e+01 7.250000e+00
    endloop
  endfacet
  facet normal 0.000000e+00 -1.000000e+00 -0.000000e+00
    outer loop
      vertex 9.750000e+00 2.000000e+01 7.250000e+00
      vertex 1.500000e+00 2.000000e+01 6.500000e+00
      vertex 1.000000e+01 2.000000e+01 3.000000e+00
    endloop
  endfacet
  facet normal 0.000000e+00 -1.000000e+00 0.000000e+00
    outer loop
      vertex 1.000000e+01 2.000000e+01 3.000000e+00
      vertex 1.500000e+00 2.000000e+01 6.500000e+00
      vertex 1.500000e+00 2.000000e+01 3.000000e+00
    endloop
  endfacet
  facet normal 0.000000e+00 -1.000000e+00 -0.000000e+00
    outer loop
      vertex 2.000000e+01 2.000000e+01 1.000000e+01
      vertex 1.725000e+01 2.000000e+01 7.250000e+00
      vertex 2.000000e+01 2.000000e+01 7.250000e+00
    endloop
  endfacet
  facet normal 0.000000e+00 -1.000000e+00 0.000000e+00
    outer loop
      vertex 9.750000e+00 2.000000e+01 7.250000e+00
      vertex 1.000000e+01 2.000000e+01 3.000000e+00
      vertex 1.000000e+01 2.000000e+01 7.000000e+00
    endloop
  endfacet
  facet normal 0.000000e+00 -1.000000e+00 0.000000e+00
    outer loop
      vertex 1.075000e+01 2.000000e+01 3.000000e+00
      vertex 1.075000e+01 2.000000e+01 7.000000e+00
      vertex 1.000000e+01 2.000000e+01 3.000000e+00
    endloop
  endfacet
  facet normal 0.000000e+00 -1.000000e+00 0.000000e+00
    outer loop
      vertex 1.000000e+01 2.000000e+01 3.000000e+00
      vertex 1.075000e+01 2.000000e+01 7.000000e+00
      vertex 1.000000e+01 2.000000e+01 7.000000e+00
    endloop
  endfacet
  facet normal 0.000000e+00 -1.000000e+00 0.000000e+00
    outer loop
      vertex 1.075000e+01 2.000000e+01 7.000000e+00
      vertex 1.075000e+01 2.000000e+01 3.000000e+00
      vertex 1.700000e+01 2.000000e+01 7.000000e+00
    endloop
  endfacet
  facet normal 0.000000e+00 -1.000000e+00 -0.000000e+00
    outer loop
      vertex 1.700000e+01 2.000000e+01 7.000000e+00
      vertex 1.075000e+01 2.000000e+01 3.000000e+00
      vertex 2.000000e+01 2.000000e+01 3.000000e+00
    endloop
  endfacet
  facet normal 0.000000e+00 -1.000000e+00 0.000000e+00
    outer loop
      vertex 1.700000e+01 2.000000e+01 7.000000e+00
      vertex 2.000000e+01 2.000000e+01 3.000000e+00
      vertex 1.725000e+01 2.000000e+01 7.250000e+00
    endloop
  endfacet
  facet normal 0.000000e+00 -1.000000e+00 0.000000e+00
    outer loop
      vertex 1.725000e+01 2.000000e+01 7.250000e+00
      vertex 2.000000e+01 2.000000e+01 3.000000e+00
      vertex 2.000000e+01 2.000000e+01 7.250000e+00
    endloop
  endfacet
  facet normal 0.000000e+00 -1.000000e+00 0.000000e+00
    outer loop
      vertex 9.750000e+00 2.000000e+01 7.250000e+00
      vertex 5.500000e+00 2.000000e+01 1.150000e+01
      vertex 5.500000e+00 2.000000e+01 1.000000e+01
    endloop
  endfacet
  facet normal 0.000000e+00 -1.000000e+00 0.000000e+00
    outer loop
      vertex 9.750000e+00 2.000000e+01 7.250000e+00
      vertex 5.500000e+00 2.000000e+01 1.000000e+01
      vertex 1.500000e+00 2.000000e+01 1.000000e+01
    endloop
  endfacet
  facet normal 0.000000e+00 -1.000000e+00 0.000000e+00
    outer loop
      vertex 9.750000e+00 2.000000e+01 7.250000e+00
      vertex 1.500000e+00 2.000000e+01 1.000000e+01
      vertex 1.500000e+00 2.000000e+01 7.250000e+00
    endloop
  endfacet
  facet normal 0.000000e+00 7.071068e-01 -7.071068e-01
    outer loop
      vertex 2.000000e+00 2.500000e+00 -5.000000e-01
      vertex 5.756939e-01 3.000000e+00 0.000000e+00
      vertex 2.000000e+00 3.000000e+00 0.000000e+00
    endloop
  endfacet
  facet normal 0.000000e+00 7.071068e-01 -7.071068e-01
    outer loop
      vertex 5.756939e-01 3.000000e+00 0.000000e+00
      vertex 2.000000e+00 2.500000e+00 -5.000000e-01
      vertex 5.756939e-01 2.250000e+00 -7.500000e-01
    endloop
  endfacet
  facet normal 0.000000e+00 7.071068e-01 -7.071068e-01
    outer loop
      vertex 5.756939e-01 2.250000e+00 -7.500000e-01
      vertex 2.000000e+00 2.500000e+00 -5.000000e-01
      vertex 2.000000e+00 2.250000e+00 -7.500000e-01
    endloop
  endfacet
  facet normal 0.000000e+00 7.071065e-01 -7.071071e-01
    outer loop
      vertex -2.462248e-01 2.104924e+00 -8.950754e-01
      vertex -1.687628e-01 2.250208e+00 -7.497921e-01
      vertex 5.756939e-01 2.250000e+00 -7.500000e-01
    endloop
  endfacet
  facet normal 0.000000e+00 7.071068e-01 -7.071068e-01
    outer loop
      vertex 5.756939e-01 1.500000e+00 -1.500000e+00
      vertex 5.756939e-01 2.250000e+00 -7.500000e-01
      vertex 1.500000e+00 1.500000e+00 -1.500000e+00
    endloop
  endfacet
  facet normal 0.000000e+00 7.071068e-01 -7.071068e-01
    outer loop
      vertex 1.500000e+00 1.500000e+00 -1.500000e+00
      vertex 5.756939e-01 2.250000e+00 -7.500000e-01
      vertex 2.000000e+00 2.250000e+00 -7.500000e-01
    endloop
  endfacet
  facet normal 0.000000e+00 7.071068e-01 -7.071068e-01
    outer loop
      vertex 1.500000e+00 1.500000e+00 -1.500000e+00
      vertex 2.000000e+00 2.250000e+00 -7.500000e-01
      vertex 2.000000e+00 2.000000e+00 -1.000000e+00
    endloop
  endfacet
  facet normal 0.000000e+00 7.071068e-01 -7.071068e-01
    outer loop
      vertex 5.756939e-01 1.500000e+00 -1.500000e+00
      vertex -8.486122e-01 1.500000e+00 -1.500000e+00
      vertex 5.756939e-01 2.250000e+00 -7.500000e-01
    endloop
  endfacet
  facet normal 0.000000e+00 7.071068e-01 -7.071068e-01
    outer loop
      vertex 5.756939e-01 2.250000e+00 -7.500000e-01
      vertex -8.486122e-01 1.500000e+00 -1.500000e+00
      vertex -4.825973e-01 1.793274e+00 -1.206726e+00
    endloop
  endfacet
  facet normal -1.899708e-07 7.071069e-01 -7.071065e-01
    outer loop
      vertex 5.756939e-01 2.250000e+00 -7.500000e-01
      vertex -4.825973e-01 1.793274e+00 -1.206726e+00
      vertex -2.462248e-01 2.104924e+00 -8.950754e-01
    endloop
  endfacet
  facet normal 0.000000e+00 7.071068e-01 -7.071068e-01
    outer loop
      vertex 5.756939e-01 2.250000e+00 -7.500000e-01
      vertex -1.687628e-01 2.250208e+00 -7.497921e-01
      vertex 5.756939e-01 3.000000e+00 0.000000e+00
    endloop
  endfacet
  facet normal 0.000000e+00 7.071068e-01 -7.071068e-01
    outer loop
      vertex 5.756939e-01 3.000000e+00 0.000000e+00
      vertex -1.687628e-01 2.250208e+00 -7.497921e-01
      vertex -6.051490e-02 2.543778e+00 -4.562216e-01
    endloop
  endfacet
  facet normal 0.000000e+00 7.071068e-01 -7.071068e-01
    outer loop
      vertex 5.756939e-01 3.000000e+00 0.000000e+00
      vertex -6.051490e-02 2.543778e+00 -4.562216e-01
      vertex 0.000000e+00 3.000000e+00 0.000000e+00
    endloop
  endfacet
  facet normal 7.816716e-01 2.022509e-02 -6.233622e-01
    outer loop
      vertex -2.987437e+00 -1.250000e-01 1.237437e+00
      vertex -2.841107e+00 -1.750000e+00 1.368205e+00
      vertex -3.326695e+00 -1.750000e+00 7.592965e-01
    endloop
  endfacet
  facet normal 5.554913e-01 -1.687965e-02 -8.313510e-01
    outer loop
      vertex -2.841107e+00 -1.750000e+00 1.368205e+00
      vertex -2.987437e+00 -1.250000e-01 1.237437e+00
      vertex -2.419696e+00 -1.250000e-01 1.616789e+00
    endloop
  endfacet
  facet normal -5.554911e-01 -1.687963e-02 -8.313512e-01
    outer loop
      vertex -5.125631e-01 -1.250000e-01 1.237437e+00
      vertex -6.588929e-01 -1.750000e+00 1.368205e+00
      vertex -1.080304e+00 -1.250000e-01 1.616789e+00
    endloop
  endfacet
  facet normal -7.816716e-01 2.022515e-02 -6.233623e-01
    outer loop
      vertex -1.733045e-01 -1.750000e+00 7.592965e-01
      vertex -6.588929e-01 -1.750000e+00 1.368205e+00
      vertex -5.125631e-01 -1.250000e-01 1.237437e+00
    endloop
  endfacet
  facet normal 8.314270e-01 1.011808e-02 -5.555419e-01
    outer loop
      vertex -2.987437e+00 -1.250000e-01 1.237437e+00
      vertex -3.366789e+00 -1.250000e-01 6.696960e-01
      vertex -3.326695e+00 1.500000e+00 7.592965e-01
    endloop
  endfacet
  facet normal 7.816716e-01 -2.022509e-02 -6.233622e-01
    outer loop
      vertex -2.841107e+00 1.500000e+00 1.368205e+00
      vertex -2.987437e+00 -1.250000e-01 1.237437e+00
      vertex -3.326695e+00 1.500000e+00 7.592965e-01
    endloop
  endfacet
  facet normal 5.554913e-01 1.687965e-02 -8.313510e-01
    outer loop
      vertex -2.419696e+00 -1.250000e-01 1.616789e+00
      vertex -2.987437e+00 -1.250000e-01 1.237437e+00
      vertex -2.841107e+00 1.500000e+00 1.368205e+00
    endloop
  endfacet
  facet normal -5.554911e-01 1.687963e-02 -8.313512e-01
    outer loop
      vertex -6.588929e-01 1.500000e+00 1.368205e+00
      vertex -5.125631e-01 -1.250000e-01 1.237437e+00
      vertex -1.080304e+00 -1.250000e-01 1.616789e+00
    endloop
  endfacet
  facet normal -7.816716e-01 -2.022514e-02 -6.233623e-01
    outer loop
      vertex -5.125631e-01 -1.250000e-01 1.237437e+00
      vertex -6.588929e-01 1.500000e+00 1.368205e+00
      vertex -1.733045e-01 1.500000e+00 7.592965e-01
    endloop
  endfacet
  facet normal -9.807853e-01 0.000000e+00 -1.950903e-01
    outer loop
      vertex 0.000000e+00 -1.250000e-01 -4.286264e-16
      vertex -1.332108e-01 -1.250000e-01 6.696960e-01
      vertex 0.000000e+00 6.250000e-01 -4.286264e-16
    endloop
  endfacet
  facet normal 8.314270e-01 -1.011808e-02 -5.555419e-01
    outer loop
      vertex -2.987437e+00 -1.250000e-01 1.237437e+00
      vertex -3.326695e+00 -1.750000e+00 7.592965e-01
      vertex -3.366789e+00 -1.250000e-01 6.696960e-01
    endloop
  endfacet
  facet normal 9.748602e-01 1.178406e-02 -2.225056e-01
    outer loop
      vertex -3.366789e+00 -1.250000e-01 6.696960e-01
      vertex -3.326695e+00 -1.750000e+00 7.592965e-01
      vertex -3.500000e+00 -1.750000e+00 2.143132e-16
    endloop
  endfacet
  facet normal 9.807853e-01 0.000000e+00 -1.950904e-01
    outer loop
      vertex -3.366789e+00 -1.250000e-01 6.696960e-01
      vertex -3.500000e+00 -1.750000e+00 2.143132e-16
      vertex -3.500000e+00 -1.250000e-01 2.143132e-16
    endloop
  endfacet
  facet normal 4.337449e-01 2.529847e-02 -9.006805e-01
    outer loop
      vertex -2.841107e+00 -1.750000e+00 1.368205e+00
      vertex -2.419696e+00 -1.250000e-01 1.616789e+00
      vertex -2.139412e+00 -1.750000e+00 1.706124e+00
    endloop
  endfacet
  facet normal 1.950502e-01 -2.026496e-02 -9.805839e-01
    outer loop
      vertex -2.139412e+00 -1.750000e+00 1.706124e+00
      vertex -2.419696e+00 -1.250000e-01 1.616789e+00
      vertex -1.750000e+00 -1.250000e-01 1.750000e+00
    endloop
  endfacet
  facet normal 1.119645e-01 0.000000e+00 -9.937122e-01
    outer loop
      vertex -2.139412e+00 -1.750000e+00 1.706124e+00
      vertex -1.750000e+00 -1.250000e-01 1.750000e+00
      vertex -1.750000e+00 -1.750000e+00 1.750000e+00
    endloop
  endfacet
  facet normal -4.337449e-01 2.529843e-02 -9.006805e-01
    outer loop
      vertex -6.588929e-01 -1.750000e+00 1.368205e+00
      vertex -1.360588e+00 -1.750000e+00 1.706124e+00
      vertex -1.080304e+00 -1.250000e-01 1.616789e+00
    endloop
  endfacet
  facet normal -1.118947e-01 -3.529553e-02 -9.930930e-01
    outer loop
      vertex -1.080304e+00 -1.250000e-01 1.616789e+00
      vertex -1.360588e+00 -1.750000e+00 1.706124e+00
      vertex -1.750000e+00 -1.750000e+00 1.750000e+00
    endloop
  endfacet
  facet normal -1.950903e-01 0.000000e+00 -9.807853e-01
    outer loop
      vertex -1.080304e+00 -1.250000e-01 1.616789e+00
      vertex -1.750000e+00 -1.750000e+00 1.750000e+00
      vertex -1.750000e+00 -1.250000e-01 1.750000e+00
    endloop
  endfacet
  facet normal -8.314270e-01 -1.011808e-02 -5.555418e-01
    outer loop
      vertex -5.125631e-01 -1.250000e-01 1.237437e+00
      vertex -1.332108e-01 -1.250000e-01 6.696960e-01
      vertex -1.733045e-01 -1.750000e+00 7.592965e-01
    endloop
  endfacet
  facet normal -9.806967e-01 1.344068e-02 -1.950727e-01
    outer loop
      vertex -1.733045e-01 -1.750000e+00 7.592965e-01
      vertex -1.332108e-01 -1.250000e-01 6.696960e-01
      vertex 0.000000e+00 -1.250000e-01 -4.286264e-16
    endloop
  endfacet
  facet normal -9.749280e-01 0.000000e+00 -2.225209e-01
    outer loop
      vertex -1.733045e-01 -1.750000e+00 7.592965e-01
      vertex 0.000000e+00 -1.250000e-01 -4.286264e-16
      vertex 0.000000e+00 -1.750000e+00 0.000000e+00
    endloop
  endfacet
  facet normal 9.807853e-01 0.000000e+00 -1.950904e-01
    outer loop
      vertex -3.500000e+00 -1.250000e-01 2.143132e-16
      vertex -3.500000e+00 6.250000e-01 2.143132e-16
      vertex -3.366789e+00 -1.250000e-01 6.696960e-01
    endloop
  endfacet
  facet normal 9.807853e-01 0.000000e+00 -1.950904e-01
    outer loop
      vertex -3.366789e+00 -1.250000e-01 6.696960e-01
      vertex -3.500000e+00 6.250000e-01 2.143132e-16
      vertex -3.500000e+00 1.500000e+00 2.143132e-16
    endloop
  endfacet
  facet normal 9.748602e-01 -1.178406e-02 -2.225056e-01
    outer loop
      vertex -3.366789e+00 -1.250000e-01 6.696960e-01
      vertex -3.500000e+00 1.500000e+00 2.143132e-16
      vertex -3.326695e+00 1.500000e+00 7.592965e-01
    endloop
  endfacet
  facet normal 4.337449e-01 -2.529847e-02 -9.006805e-01
    outer loop
      vertex -2.841107e+00 1.500000e+00 1.368205e+00
      vertex -2.139412e+00 1.500000e+00 1.706124e+00
      vertex -2.419696e+00 -1.250000e-01 1.616789e+00
    endloop
  endfacet
  facet normal 1.118947e-01 3.529552e-02 -9.930930e-01
    outer loop
      vertex -2.419696e+00 -1.250000e-01 1.616789e+00
      vertex -2.139412e+00 1.500000e+00 1.706124e+00
      vertex -1.750000e+00 1.500000e+00 1.750000e+00
    endloop
  endfacet
  facet normal 1.950902e-01 0.000000e+00 -9.807853e-01
    outer loop
      vertex -2.419696e+00 -1.250000e-01 1.616789e+00
      vertex -1.750000e+00 1.500000e+00 1.750000e+00
      vertex -1.750000e+00 -1.250000e-01 1.750000e+00
    endloop
  endfacet
  facet normal -4.337449e-01 -2.529843e-02 -9.006805e-01
    outer loop
      vertex -6.588929e-01 1.500000e+00 1.368205e+00
      vertex -1.080304e+00 -1.250000e-01 1.616789e+00
      vertex -1.360588e+00 1.500000e+00 1.706124e+00
    endloop
  endfacet
  facet normal -1.950502e-01 2.026496e-02 -9.805838e-01
    outer loop
      vertex -1.360588e+00 1.500000e+00 1.706124e+00
      vertex -1.080304e+00 -1.250000e-01 1.616789e+00
      vertex -1.750000e+00 -1.250000e-01 1.750000e+00
    endloop
  endfacet
  facet normal -1.119645e-01 0.000000e+00 -9.937122e-01
    outer loop
      vertex -1.360588e+00 1.500000e+00 1.706124e+00
      vertex -1.750000e+00 -1.250000e-01 1.750000e+00
      vertex -1.750000e+00 1.500000e+00 1.750000e+00
    endloop
  endfacet
  facet normal -8.314270e-01 1.011808e-02 -5.555418e-01
    outer loop
      vertex -5.125631e-01 -1.250000e-01 1.237437e+00
      vertex -1.733045e-01 1.500000e+00 7.592965e-01
      vertex -1.332108e-01 -1.250000e-01 6.696960e-01
    endloop
  endfacet
  facet normal -9.748602e-01 -1.178407e-02 -2.225055e-01
    outer loop
      vertex -1.332108e-01 -1.250000e-01 6.696960e-01
      vertex -1.733045e-01 1.500000e+00 7.592965e-01
      vertex 0.000000e+00 1.500000e+00 -4.286264e-16
    endloop
  endfacet
  facet normal -9.807853e-01 0.000000e+00 -1.950904e-01
    outer loop
      vertex -1.332108e-01 -1.250000e-01 6.696960e-01
      vertex 0.000000e+00 1.500000e+00 -4.286264e-16
      vertex 0.000000e+00 6.250000e-01 -4.286264e-16
    endloop
  endfacet
  facet normal -9.807853e-01 0.000000e+00 1.950903e-01
    outer loop
      vertex 0.000000e+00 6.250000e-01 -4.286264e-16
      vertex -1.332108e-01 6.250000e-01 -6.696960e-01
      vertex 0.000000e+00 -1.250000e-01 -4.286264e-16
    endloop
  endfacet
  facet normal -9.788143e-01 8.806526e-03 2.045608e-01
    outer loop
      vertex -1.733045e-01 -1.750000e+00 -7.592965e-01
      vertex 0.000000e+00 -1.250000e-01 -4.286264e-16
      vertex -1.332108e-01 6.250000e-01 -6.696960e-01
    endloop
  endfacet
  facet normal -9.749280e-01 5.869437e-17 2.225209e-01
    outer loop
      vertex 0.000000e+00 -1.750000e+00 0.000000e+00
      vertex 0.000000e+00 -1.250000e-01 -4.286264e-16
      vertex -1.733045e-01 -1.750000e+00 -7.592965e-01
    endloop
  endfacet
  facet normal 9.749278e-01 -0.000000e+00 2.225210e-01
    outer loop
      vertex -3.500000e+00 -1.750000e+00 2.143132e-16
      vertex -3.326695e+00 -1.750000e+00 -7.592965e-01
      vertex -3.500000e+00 -1.250000e-01 2.143132e-16
    endloop
  endfacet
  facet normal 9.788142e-01 8.806520e-03 2.045609e-01
    outer loop
      vertex -3.366789e+00 6.250000e-01 -6.696960e-01
      vertex -3.500000e+00 -1.250000e-01 2.143132e-16
      vertex -3.326695e+00 -1.750000e+00 -7.592965e-01
    endloop
  endfacet
  facet normal 9.807853e-01 0.000000e+00 1.950904e-01
    outer loop
      vertex -3.500000e+00 6.250000e-01 2.143132e-16
      vertex -3.500000e+00 -1.250000e-01 2.143132e-16
      vertex -3.366789e+00 6.250000e-01 -6.696960e-01
    endloop
  endfacet
  facet normal -8.839384e-01 3.707968e-03 4.675888e-01
    outer loop
      vertex -2.462248e-01 2.104924e+00 -8.950754e-01
      vertex -1.332108e-01 6.250000e-01 -6.696960e-01
      vertex -1.687628e-01 2.250208e+00 -7.497921e-01
    endloop
  endfacet
  facet normal -9.371662e-01 -3.307407e-03 3.488677e-01
    outer loop
      vertex -6.051490e-02 2.543778e+00 -4.562216e-01
      vertex -1.687628e-01 2.250208e+00 -7.497921e-01
      vertex -1.332108e-01 6.250000e-01 -6.696960e-01
    endloop
  endfacet
  facet normal -9.913172e-01 -3.757394e-17 1.314919e-01
    outer loop
      vertex 0.000000e+00 3.000000e+00 0.000000e+00
      vertex -6.051490e-02 2.543778e+00 -4.562216e-01
      vertex 0.000000e+00 1.500000e+00 -4.286264e-16
    endloop
  endfacet
  facet normal -9.913172e-01 0.000000e+00 1.314919e-01
    outer loop
      vertex -6.051490e-02 2.543778e+00 -4.562216e-01
      vertex 0.000000e+00 6.250000e-01 -4.286264e-16
      vertex 0.000000e+00 1.500000e+00 -4.286264e-16
    endloop
  endfacet
  facet normal -7.817566e-01 1.383976e-02 6.234301e-01
    outer loop
      vertex -5.125631e-01 6.250000e-01 -1.237437e+00
      vertex -6.588929e-01 -1.750000e+00 -1.368205e+00
      vertex -1.733045e-01 -1.750000e+00 -7.592965e-01
    endloop
  endfacet
  facet normal -5.555331e-01 -1.155010e-02 8.314141e-01
    outer loop
      vertex -6.588929e-01 -1.750000e+00 -1.368205e+00
      vertex -5.125631e-01 6.250000e-01 -1.237437e+00
      vertex -1.080304e+00 6.250000e-01 -1.616789e+00
    endloop
  endfacet
  facet normal 5.555333e-01 -1.155011e-02 8.314141e-01
    outer loop
      vertex -2.987437e+00 6.250000e-01 -1.237437e+00
      vertex -2.841107e+00 -1.750000e+00 -1.368205e+00
      vertex -2.419696e+00 6.250000e-01 -1.616789e+00
    endloop
  endfacet
  facet normal 7.817566e-01 1.383973e-02 6.234301e-01
    outer loop
      vertex -3.326695e+00 -1.750000e+00 -7.592965e-01
      vertex -2.841107e+00 -1.750000e+00 -1.368205e+00
      vertex -2.987437e+00 6.250000e-01 -1.237437e+00
    endloop
  endfacet
  facet normal -9.806682e-01 1.545189e-02 1.950670e-01
    outer loop
      vertex -6.051490e-02 2.543778e+00 -4.562216e-01
      vertex -1.332108e-01 6.250000e-01 -6.696960e-01
      vertex 0.000000e+00 6.250000e-01 -4.286264e-16
    endloop
  endfacet
  facet normal -8.314497e-01 -6.923085e-03 5.555569e-01
    outer loop
      vertex -5.125631e-01 6.250000e-01 -1.237437e+00
      vertex -1.733045e-01 -1.750000e+00 -7.592965e-01
      vertex -1.332108e-01 6.250000e-01 -6.696960e-01
    endloop
  endfacet
  facet normal -4.338188e-01 1.731240e-02 9.008338e-01
    outer loop
      vertex -6.588929e-01 -1.750000e+00 -1.368205e+00
      vertex -1.080304e+00 6.250000e-01 -1.616789e+00
      vertex -1.360588e+00 -1.750000e+00 -1.706124e+00
    endloop
  endfacet
  facet normal -1.950715e-01 -1.386702e-02 9.806910e-01
    outer loop
      vertex -1.360588e+00 -1.750000e+00 -1.706124e+00
      vertex -1.080304e+00 6.250000e-01 -1.616789e+00
      vertex -1.750000e+00 6.250000e-01 -1.750000e+00
    endloop
  endfacet
  facet normal -1.119645e-01 0.000000e+00 9.937122e-01
    outer loop
      vertex -1.360588e+00 -1.750000e+00 -1.706124e+00
      vertex -1.750000e+00 6.250000e-01 -1.750000e+00
      vertex -1.750000e+00 -1.750000e+00 -1.750000e+00
    endloop
  endfacet
  facet normal 4.338188e-01 1.731242e-02 9.008338e-01
    outer loop
      vertex -2.841107e+00 -1.750000e+00 -1.368205e+00
      vertex -2.139412e+00 -1.750000e+00 -1.706124e+00
      vertex -2.419696e+00 6.250000e-01 -1.616789e+00
    endloop
  endfacet
  facet normal 1.119318e-01 -2.415757e-02 9.934222e-01
    outer loop
      vertex -2.419696e+00 6.250000e-01 -1.616789e+00
      vertex -2.139412e+00 -1.750000e+00 -1.706124e+00
      vertex -1.750000e+00 -1.750000e+00 -1.750000e+00
    endloop
  endfacet
  facet normal 1.950902e-01 0.000000e+00 9.807853e-01
    outer loop
      vertex -2.419696e+00 6.250000e-01 -1.616789e+00
      vertex -1.750000e+00 -1.750000e+00 -1.750000e+00
      vertex -1.750000e+00 6.250000e-01 -1.750000e+00
    endloop
  endfacet
  facet normal 8.314497e-01 -6.923085e-03 5.555570e-01
    outer loop
      vertex -2.987437e+00 6.250000e-01 -1.237437e+00
      vertex -3.366789e+00 6.250000e-01 -6.696960e-01
      vertex -3.326695e+00 -1.750000e+00 -7.592965e-01
    endloop
  endfacet
  facet normal -5.552079e-01 3.610718e-02 8.309274e-01
    outer loop
      vertex -1.080304e+00 6.250000e-01 -1.616789e+00
      vertex -5.125631e-01 6.250000e-01 -1.237437e+00
      vertex -8.486122e-01 1.500000e+00 -1.500000e+00
    endloop
  endfacet
  facet normal -6.230515e-01 -4.580042e-03 7.821675e-01
    outer loop
      vertex -8.486122e-01 1.500000e+00 -1.500000e+00
      vertex -5.125631e-01 6.250000e-01 -1.237437e+00
      vertex -4.825973e-01 1.793274e+00 -1.206726e+00
    endloop
  endfacet
  facet normal -8.314509e-01 6.722312e-03 5.555576e-01
    outer loop
      vertex -5.125631e-01 6.250000e-01 -1.237437e+00
      vertex -1.332108e-01 6.250000e-01 -6.696960e-01
      vertex -4.825973e-01 1.793274e+00 -1.206726e+00
    endloop
  endfacet
  facet normal -8.095022e-01 2.749721e-02 5.864725e-01
    outer loop
      vertex -4.825973e-01 1.793274e+00 -1.206726e+00
      vertex -1.332108e-01 6.250000e-01 -6.696960e-01
      vertex -2.462248e-01 2.104924e+00 -8.950754e-01
    endloop
  endfacet
  facet normal -3.236925e-01 -4.046122e-02 9.452968e-01
    outer loop
      vertex -8.486122e-01 1.500000e+00 -1.500000e+00
      vertex -1.542727e+00 1.500000e+00 -1.737682e+00
      vertex -1.080304e+00 6.250000e-01 -1.616789e+00
    endloop
  endfacet
  facet normal -5.899142e-02 1.059670e-01 9.926183e-01
    outer loop
      vertex -1.080304e+00 6.250000e-01 -1.616789e+00
      vertex -1.542727e+00 1.500000e+00 -1.737682e+00
      vertex -1.750000e+00 1.500000e+00 -1.750000e+00
    endloop
  endfacet
  facet normal -1.950903e-01 0.000000e+00 9.807853e-01
    outer loop
      vertex -1.080304e+00 6.250000e-01 -1.616789e+00
      vertex -1.750000e+00 1.500000e+00 -1.750000e+00
      vertex -1.750000e+00 6.250000e-01 -1.750000e+00
    endloop
  endfacet
  facet normal 4.921884e-01 -2.952078e-02 8.699880e-01
    outer loop
      vertex -2.911846e+00 1.500000e+00 -1.308669e+00
      vertex -2.419696e+00 6.250000e-01 -1.616789e+00
      vertex -2.273274e+00 1.500000e+00 -1.669935e+00
    endloop
  endfacet
  facet normal 1.950196e-01 2.691541e-02 9.804299e-01
    outer loop
      vertex -2.273274e+00 1.500000e+00 -1.669935e+00
      vertex -2.419696e+00 6.250000e-01 -1.616789e+00
      vertex -1.750000e+00 6.250000e-01 -1.750000e+00
    endloop
  endfacet
  facet normal 1.512467e-01 0.000000e+00 9.884960e-01
    outer loop
      vertex -2.273274e+00 1.500000e+00 -1.669935e+00
      vertex -1.750000e+00 6.250000e-01 -1.750000e+00
      vertex -1.750000e+00 1.500000e+00 -1.750000e+00
    endloop
  endfacet
  facet normal 5.554627e-01 1.968882e-02 8.313083e-01
    outer loop
      vertex -2.419696e+00 6.250000e-01 -1.616789e+00
      vertex -2.911846e+00 1.500000e+00 -1.308669e+00
      vertex -2.987437e+00 6.250000e-01 -1.237437e+00
    endloop
  endfacet
  facet normal 8.057349e-01 -2.142269e-02 5.918888e-01
    outer loop
      vertex -2.987437e+00 6.250000e-01 -1.237437e+00
      vertex -2.911846e+00 1.500000e+00 -1.308669e+00
      vertex -3.346203e+00 1.500000e+00 -7.173805e-01
    endloop
  endfacet
  facet normal 8.314219e-01 1.071435e-02 5.555384e-01
    outer loop
      vertex -2.987437e+00 6.250000e-01 -1.237437e+00
      vertex -3.346203e+00 1.500000e+00 -7.173805e-01
      vertex -3.366789e+00 6.250000e-01 -6.696960e-01
    endloop
  endfacet
  facet normal 9.777167e-01 -1.157938e-02 2.096092e-01
    outer loop
      vertex -3.366789e+00 6.250000e-01 -6.696960e-01
      vertex -3.346203e+00 1.500000e+00 -7.173805e-01
      vertex -3.500000e+00 1.500000e+00 2.143132e-16
    endloop
  endfacet
  facet normal 9.807852e-01 0.000000e+00 1.950904e-01
    outer loop
      vertex -3.366789e+00 6.250000e-01 -6.696960e-01
      vertex -3.500000e+00 1.500000e+00 2.143132e-16
      vertex -3.500000e+00 6.250000e-01 2.143132e-16
    endloop
  endfacet
  facet normal 7.071068e-01 0.000000e+00 -7.071068e-01
    outer loop
      vertex -7.500000e-01 -1.250000e-01 -3.750000e+00
      vertex 4.292412e-01 -1.750000e+00 -2.570759e+00
      vertex -7.500000e-01 -1.750000e+00 -3.750000e+00
    endloop
  endfacet
  facet normal 7.071068e-01 0.000000e+00 -7.071068e-01
    outer loop
      vertex 4.292412e-01 -1.750000e+00 -2.570759e+00
      vertex -7.500000e-01 -1.250000e-01 -3.750000e+00
      vertex -7.500000e-01 1.250000e-01 -3.750000e+00
    endloop
  endfacet
  facet normal 7.071068e-01 0.000000e+00 -7.071068e-01
    outer loop
      vertex 1.500000e+00 1.500000e+00 -1.500000e+00
      vertex 2.000000e+00 2.000000e+00 -1.000000e+00
      vertex 2.000000e+00 6.250000e-01 -1.000000e+00
    endloop
  endfacet
  facet normal 7.071068e-01 0.000000e+00 -7.071068e-01
    outer loop
      vertex 6.250000e-01 1.250000e-01 -2.375000e+00
      vertex 2.000000e+00 1.250000e-01 -1.000000e+00
      vertex 6.250000e-01 -1.750000e+00 -2.375000e+00
    endloop
  endfacet
  facet normal 7.071068e-01 0.000000e+00 -7.071068e-01
    outer loop
      vertex 6.250000e-01 -1.750000e+00 -2.375000e+00
      vertex 2.000000e+00 1.250000e-01 -1.000000e+00
      vertex 2.000000e+00 -1.750000e+00 -1.000000e+00
    endloop
  endfacet
  facet normal 7.071068e-01 0.000000e+00 -7.071068e-01
    outer loop
      vertex 2.000000e+00 1.250000e-01 -1.000000e+00
      vertex 6.250000e-01 1.250000e-01 -2.375000e+00
      vertex 2.000000e+00 6.250000e-01 -1.000000e+00
    endloop
  endfacet
  facet normal 7.071068e-01 0.000000e+00 -7.071068e-01
    outer loop
      vertex 2.000000e+00 6.250000e-01 -1.000000e+00
      vertex 6.250000e-01 1.250000e-01 -2.375000e+00
      vertex 6.250000e-01 1.500000e+00 -2.375000e+00
    endloop
  endfacet
  facet normal 7.071068e-01 0.000000e+00 -7.071068e-01
    outer loop
      vertex 2.000000e+00 6.250000e-01 -1.000000e+00
      vertex 6.250000e-01 1.500000e+00 -2.375000e+00
      vertex 1.500000e+00 1.500000e+00 -1.500000e+00
    endloop
  endfacet
  facet normal 7.071068e-01 0.000000e+00 -7.071068e-01
    outer loop
      vertex 6.250000e-01 1.250000e-01 -2.375000e+00
      vertex 6.250000e-01 -1.750000e+00 -2.375000e+00
      vertex -7.500000e-01 1.250000e-01 -3.750000e+00
    endloop
  endfacet
  facet normal 7.071068e-01 0.000000e+00 -7.071068e-01
    outer loop
      vertex -7.500000e-01 1.250000e-01 -3.750000e+00
      vertex 6.250000e-01 -1.750000e+00 -2.375000e+00
      vertex 4.292412e-01 -1.750000e+00 -2.570759e+00
    endloop
  endfacet
  facet normal 7.071068e-01 0.000000e+00 -7.071068e-01
    outer loop
      vertex -7.500000e-01 1.500000e+00 -3.750000e+00
      vertex 6.250000e-01 1.500000e+00 -2.375000e+00
      vertex -7.500000e-01 1.250000e-01 -3.750000e+00
    endloop
  endfacet
  facet normal 7.071068e-01 0.000000e+00 -7.071068e-01
    outer loop
      vertex -7.500000e-01 1.250000e-01 -3.750000e+00
      vertex 6.250000e-01 1.500000e+00 -2.375000e+00
      vertex 6.250000e-01 1.250000e-01 -2.375000e+00
    endloop
  endfacet
  facet normal 1.000000e+00 0.000000e+00 -0.000000e+00
    outer loop
      vertex 2.000000e+00 6.250000e-01 -1.000000e+00
      vertex 2.000000e+00 6.250000e-01 -5.000000e-01
      vertex 2.000000e+00 1.250000e-01 -1.000000e+00
    endloop
  endfacet
  facet normal 1.000000e+00 -0.000000e+00 0.000000e+00
    outer loop
      vertex 2.000000e+00 -1.750000e+00 -5.000000e-01
      vertex 2.000000e+00 1.250000e-01 -1.000000e+00
      vertex 2.000000e+00 6.250000e-01 -5.000000e-01
    endloop
  endfacet
  facet normal 1.000000e+00 0.000000e+00 0.000000e+00
    outer loop
      vertex 2.000000e+00 -1.750000e+00 -1.000000e+00
      vertex 2.000000e+00 1.250000e-01 -1.000000e+00
      vertex 2.000000e+00 -1.750000e+00 -5.000000e-01
    endloop
  endfacet
  facet normal 1.000000e+00 0.000000e+00 -0.000000e+00
    outer loop
      vertex 2.000000e+00 2.000000e+00 -1.000000e+00
      vertex 2.000000e+00 2.250000e+00 -7.500000e-01
      vertex 2.000000e+00 6.250000e-01 -1.000000e+00
    endloop
  endfacet
  facet normal 1.000000e+00 0.000000e+00 0.000000e+00
    outer loop
      vertex 2.000000e+00 6.250000e-01 -1.000000e+00
      vertex 2.000000e+00 2.250000e+00 -7.500000e-01
      vertex 2.000000e+00 2.500000e+00 -5.000000e-01
    endloop
  endfacet
  facet normal 1.000000e+00 0.000000e+00 0.000000e+00
    outer loop
      vertex 2.000000e+00 6.250000e-01 -1.000000e+00
      vertex 2.000000e+00 2.500000e+00 -5.000000e-01
      vertex 2.000000e+00 6.250000e-01 -5.000000e-01
    endloop
  endfacet
  facet normal 1.000000e+00 0.000000e+00 0.000000e+00
    outer loop
      vertex 2.000000e+00 -1.750000e+00 -5.000000e-01
      vertex 2.000000e+00 6.250000e-01 -5.000000e-01
      vertex 2.000000e+00 -1.750000e+00 0.000000e+00
    endloop
  endfacet
  facet normal 1.000000e+00 -0.000000e+00 0.000000e+00
    outer loop
      vertex 2.000000e+00 -1.750000e+00 0.000000e+00
      vertex 2.000000e+00 6.250000e-01 -5.000000e-01
      vertex 2.000000e+00 6.250000e-01 0.000000e+00
    endloop
  endfacet
  facet normal 1.000000e+00 0.000000e+00 0.000000e+00
    outer loop
      vertex 2.000000e+00 6.250000e-01 -5.000000e-01
      vertex 2.000000e+00 2.500000e+00 -5.000000e-01
      vertex 2.000000e+00 6.250000e-01 0.000000e+00
    endloop
  endfacet
  facet normal 1.000000e+00 -0.000000e+00 0.000000e+00
    outer loop
      vertex 2.000000e+00 6.250000e-01 0.000000e+00
      vertex 2.000000e+00 2.500000e+00 -5.000000e-01
      vertex 2.000000e+00 3.000000e+00 0.000000e+00
    endloop
  endfacet
  facet normal 0.000000e+00 -7.071068e-01 -7.071068e-01
    outer loop
      vertex 2.000000e+00 1.900000e+01 -5.000000e-01
      vertex 5.756939e-01 1.925000e+01 -7.500000e-01
      vertex 2.000000e+00 1.925000e+01 -7.500000e-01
    endloop
  endfacet
  facet normal 0.000000e+00 -7.071068e-01 -7.071068e-01
    outer loop
      vertex 5.756939e-01 1.925000e+01 -7.500000e-01
      vertex 2.000000e+00 1.900000e+01 -5.000000e-01
      vertex 5.756939e-01 1.850000e+01 0.000000e+00
    endloop
  endfacet
  facet normal 0.000000e+00 -7.071068e-01 -7.071068e-01
    outer loop
      vertex 5.756939e-01 1.850000e+01 0.000000e+00
      vertex 2.000000e+00 1.900000e+01 -5.000000e-01
      vertex 2.000000e+00 1.850000e+01 0.000000e+00
    endloop
  endfacet
  facet normal -0.000000e+00 -7.071068e-01 -7.071068e-01
    outer loop
      vertex 5.756939e-01 1.850000e+01 0.000000e+00
      vertex 0.000000e+00 1.850000e+01 0.000000e+00
      vertex 5.756939e-01 1.925000e+01 -7.500000e-01
    endloop
  endfacet
  facet normal -1.641923e-06 -7.071062e-01 -7.071074e-01
    outer loop
      vertex 5.756939e-01 1.925000e+01 -7.500000e-01
      vertex 0.000000e+00 1.850000e+01 0.000000e+00
      vertex -6.051490e-02 1.895622e+01 -4.562216e-01
    endloop
  endfacet
  facet normal 6.355401e-10 -7.071079e-01 -7.071056e-01
    outer loop
      vertex 5.756939e-01 1.925000e+01 -7.500000e-01
      vertex -6.051490e-02 1.895622e+01 -4.562216e-01
      vertex -1.687628e-01 1.924979e+01 -7.497921e-01
    endloop
  endfacet
  facet normal 0.000000e+00 -7.071068e-01 -7.071068e-01
    outer loop
      vertex 5.756939e-01 1.925000e+01 -7.500000e-01
      vertex 5.756939e-01 2.000000e+01 -1.500000e+00
      vertex 2.000000e+00 1.925000e+01 -7.500000e-01
    endloop
  endfacet
  facet normal 0.000000e+00 -7.071068e-01 -7.071068e-01
    outer loop
      vertex 2.000000e+00 1.925000e+01 -7.500000e-01
      vertex 5.756939e-01 2.000000e+01 -1.500000e+00
      vertex 1.500000e+00 2.000000e+01 -1.500000e+00
    endloop
  endfacet
  facet normal 0.000000e+00 -7.071068e-01 -7.071068e-01
    outer loop
      vertex 2.000000e+00 1.925000e+01 -7.500000e-01
      vertex 1.500000e+00 2.000000e+01 -1.500000e+00
      vertex 2.000000e+00 1.950000e+01 -1.000000e+00
    endloop
  endfacet
  facet normal 0.000000e+00 -7.071068e-01 -7.071068e-01
    outer loop
      vertex 5.756939e-01 2.000000e+01 -1.500000e+00
      vertex 5.756939e-01 1.925000e+01 -7.500000e-01
      vertex -1.687628e-01 1.924979e+01 -7.497921e-01
    endloop
  endfacet
  facet normal 1.901139e-06 -7.071077e-01 -7.071058e-01
    outer loop
      vertex 5.756939e-01 2.000000e+01 -1.500000e+00
      vertex -1.687628e-01 1.924979e+01 -7.497921e-01
      vertex -2.462248e-01 1.939507e+01 -8.950754e-01
    endloop
  endfacet
  facet normal -2.903844e-07 -7.071062e-01 -7.071074e-01
    outer loop
      vertex 5.756939e-01 2.000000e+01 -1.500000e+00
      vertex -2.462248e-01 1.939507e+01 -8.950754e-01
      vertex -4.825973e-01 1.970673e+01 -1.206726e+00
    endloop
  endfacet
  facet normal -0.000000e+00 -7.071068e-01 -7.071068e-01
    outer loop
      vertex 5.756939e-01 2.000000e+01 -1.500000e+00
      vertex -4.825973e-01 1.970673e+01 -1.206726e+00
      vertex -8.486122e-01 2.000000e+01 -1.500000e+00
    endloop
  endfacet
  facet normal 5.554913e-01 -1.687965e-02 -8.313510e-01
    outer loop
      vertex -2.841107e+00 2.000000e+01 1.368205e+00
      vertex -2.987437e+00 2.162500e+01 1.237437e+00
      vertex -2.419696e+00 2.162500e+01 1.616789e+00
    endloop
  endfacet
  facet normal 4.337449e-01 2.529846e-02 -9.006805e-01
    outer loop
      vertex -2.419696e+00 2.162500e+01 1.616789e+00
      vertex -2.139412e+00 2.000000e+01 1.706124e+00
      vertex -2.841107e+00 2.000000e+01 1.368205e+00
    endloop
  endfacet
  facet normal -5.554911e-01 -1.687963e-02 -8.313512e-01
    outer loop
      vertex -5.125631e-01 2.162500e+01 1.237437e+00
      vertex -6.588929e-01 2.000000e+01 1.368205e+00
      vertex -1.080304e+00 2.162500e+01 1.616789e+00
    endloop
  endfacet
  facet normal -7.816716e-01 2.022515e-02 -6.233623e-01
    outer loop
      vertex -1.733045e-01 2.000000e+01 7.592965e-01
      vertex -6.588929e-01 2.000000e+01 1.368205e+00
      vertex -5.125631e-01 2.162500e+01 1.237437e+00
    endloop
  endfacet
  facet normal -8.314270e-01 -1.011807e-02 -5.555418e-01
    outer loop
      vertex -1.332108e-01 2.162500e+01 6.696960e-01
      vertex -1.733045e-01 2.000000e+01 7.592965e-01
      vertex -5.125631e-01 2.162500e+01 1.237437e+00
    endloop
  endfacet
  facet normal 7.816716e-01 -2.022509e-02 -6.233622e-01
    outer loop
      vertex -2.841107e+00 2.325000e+01 1.368205e+00
      vertex -2.987437e+00 2.162500e+01 1.237437e+00
      vertex -3.326695e+00 2.325000e+01 7.592965e-01
    endloop
  endfacet
  facet normal 5.554913e-01 1.687965e-02 -8.313510e-01
    outer loop
      vertex -2.419696e+00 2.162500e+01 1.616789e+00
      vertex -2.987437e+00 2.162500e+01 1.237437e+00
      vertex -2.841107e+00 2.325000e+01 1.368205e+00
    endloop
  endfacet
  facet normal -5.554911e-01 1.687963e-02 -8.313512e-01
    outer loop
      vertex -6.588929e-01 2.325000e+01 1.368205e+00
      vertex -5.125631e-01 2.162500e+01 1.237437e+00
      vertex -1.080304e+00 2.162500e+01 1.616789e+00
    endloop
  endfacet
  facet normal -7.816716e-01 -2.022514e-02 -6.233623e-01
    outer loop
      vertex -5.125631e-01 2.162500e+01 1.237437e+00
      vertex -6.588929e-01 2.325000e+01 1.368205e+00
      vertex -1.733045e-01 2.325000e+01 7.592965e-01
    endloop
  endfacet
  facet normal 7.161030e-02 0.000000e+00 -9.974326e-01
    outer loop
      vertex -1.750000e+00 2.000000e+01 1.750000e+00
      vertex -1.999993e+00 2.000000e+01 1.732052e+00
      vertex -1.750000e+00 2.162500e+01 1.750000e+00
    endloop
  endfacet
  facet normal 1.828101e-01 -1.726663e-02 -9.829966e-01
    outer loop
      vertex -1.750000e+00 2.162500e+01 1.750000e+00
      vertex -1.999993e+00 2.000000e+01 1.732052e+00
      vertex -2.139412e+00 2.000000e+01 1.706124e+00
    endloop
  endfacet
  facet normal 1.950502e-01 -2.026496e-02 -9.805839e-01
    outer loop
      vertex -1.750000e+00 2.162500e+01 1.750000e+00
      vertex -2.139412e+00 2.000000e+01 1.706124e+00
      vertex -2.419696e+00 2.162500e+01 1.616789e+00
    endloop
  endfacet
  facet normal -4.337449e-01 2.529843e-02 -9.006805e-01
    outer loop
      vertex -6.588929e-01 2.000000e+01 1.368205e+00
      vertex -1.360588e+00 2.000000e+01 1.706124e+00
      vertex -1.080304e+00 2.162500e+01 1.616789e+00
    endloop
  endfacet
  facet normal -1.118947e-01 -3.529553e-02 -9.930930e-01
    outer loop
      vertex -1.080304e+00 2.162500e+01 1.616789e+00
      vertex -1.360588e+00 2.000000e+01 1.706124e+00
      vertex -1.750000e+00 2.000000e+01 1.750000e+00
    endloop
  endfacet
  facet normal -1.950903e-01 0.000000e+00 -9.807853e-01
    outer loop
      vertex -1.080304e+00 2.162500e+01 1.616789e+00
      vertex -1.750000e+00 2.000000e+01 1.750000e+00
      vertex -1.750000e+00 2.162500e+01 1.750000e+00
    endloop
  endfacet
  facet normal -9.807853e-01 -0.000000e+00 -1.950903e-01
    outer loop
      vertex 0.000000e+00 2.162500e+01 -4.286264e-16
      vertex 0.000000e+00 2.087500e+01 -4.286264e-16
      vertex -1.332108e-01 2.162500e+01 6.696960e-01
    endloop
  endfacet
  facet normal -9.807853e-01 0.000000e+00 -1.950904e-01
    outer loop
      vertex -1.332108e-01 2.162500e+01 6.696960e-01
      vertex 0.000000e+00 2.087500e+01 -4.286264e-16
      vertex 0.000000e+00 2.000000e+01 -1.982939e-15
    endloop
  endfacet
  facet normal -9.748602e-01 1.178407e-02 -2.225055e-01
    outer loop
      vertex -1.332108e-01 2.162500e+01 6.696960e-01
      vertex 0.000000e+00 2.000000e+01 -1.982939e-15
      vertex -1.733045e-01 2.000000e+01 7.592965e-01
    endloop
  endfacet
  facet normal 8.314270e-01 1.011808e-02 -5.555419e-01
    outer loop
      vertex -2.987437e+00 2.162500e+01 1.237437e+00
      vertex -3.366789e+00 2.162500e+01 6.696960e-01
      vertex -3.326695e+00 2.325000e+01 7.592965e-01
    endloop
  endfacet
  facet normal 9.806966e-01 -1.344067e-02 -1.950728e-01
    outer loop
      vertex -3.326695e+00 2.325000e+01 7.592965e-01
      vertex -3.366789e+00 2.162500e+01 6.696960e-01
      vertex -3.500000e+00 2.162500e+01 2.143132e-16
    endloop
  endfacet
  facet normal 9.749278e-01 0.000000e+00 -2.225210e-01
    outer loop
      vertex -3.326695e+00 2.325000e+01 7.592965e-01
      vertex -3.500000e+00 2.162500e+01 2.143132e-16
      vertex -3.500000e+00 2.325000e+01 2.143132e-16
    endloop
  endfacet
  facet normal 4.337449e-01 -2.529847e-02 -9.006805e-01
    outer loop
      vertex -2.841107e+00 2.325000e+01 1.368205e+00
      vertex -2.139412e+00 2.325000e+01 1.706124e+00
      vertex -2.419696e+00 2.162500e+01 1.616789e+00
    endloop
  endfacet
  facet normal 1.118947e-01 3.529552e-02 -9.930930e-01
    outer loop
      vertex -2.419696e+00 2.162500e+01 1.616789e+00
      vertex -2.139412e+00 2.325000e+01 1.706124e+00
      vertex -1.750000e+00 2.325000e+01 1.750000e+00
    endloop
  endfacet
  facet normal 1.950902e-01 0.000000e+00 -9.807853e-01
    outer loop
      vertex -2.419696e+00 2.162500e+01 1.616789e+00
      vertex -1.750000e+00 2.325000e+01 1.750000e+00
      vertex -1.750000e+00 2.162500e+01 1.750000e+00
    endloop
  endfacet
  facet normal -4.337449e-01 -2.529843e-02 -9.006805e-01
    outer loop
      vertex -6.588929e-01 2.325000e+01 1.368205e+00
      vertex -1.080304e+00 2.162500e+01 1.616789e+00
      vertex -1.360588e+00 2.325000e+01 1.706124e+00
    endloop
  endfacet
  facet normal -1.950502e-01 2.026496e-02 -9.805838e-01
    outer loop
      vertex -1.360588e+00 2.325000e+01 1.706124e+00
      vertex -1.080304e+00 2.162500e+01 1.616789e+00
      vertex -1.750000e+00 2.162500e+01 1.750000e+00
    endloop
  endfacet
  facet normal -1.119645e-01 0.000000e+00 -9.937122e-01
    outer loop
      vertex -1.360588e+00 2.325000e+01 1.706124e+00
      vertex -1.750000e+00 2.162500e+01 1.750000e+00
      vertex -1.750000e+00 2.325000e+01 1.750000e+00
    endloop
  endfacet
  facet normal -8.314270e-01 1.011808e-02 -5.555418e-01
    outer loop
      vertex -5.125631e-01 2.162500e+01 1.237437e+00
      vertex -1.733045e-01 2.325000e+01 7.592965e-01
      vertex -1.332108e-01 2.162500e+01 6.696960e-01
    endloop
  endfacet
  facet normal -9.748602e-01 -1.178407e-02 -2.225055e-01
    outer loop
      vertex -1.332108e-01 2.162500e+01 6.696960e-01
      vertex -1.733045e-01 2.325000e+01 7.592965e-01
      vertex 0.000000e+00 2.325000e+01 0.000000e+00
    endloop
  endfacet
  facet normal -9.807853e-01 0.000000e+00 -1.950903e-01
    outer loop
      vertex -1.332108e-01 2.162500e+01 6.696960e-01
      vertex 0.000000e+00 2.325000e+01 0.000000e+00
      vertex 0.000000e+00 2.162500e+01 -4.286264e-16
    endloop
  endfacet
  facet normal 9.749279e-01 0.000000e+00 -2.225210e-01
    outer loop
      vertex -3.326695e+00 2.000000e+01 7.592965e-01
      vertex -3.500000e+00 2.000000e+01 9.914693e-16
      vertex -3.500000e+00 2.087500e+01 2.143132e-16
    endloop
  endfacet
  facet normal 9.749278e-01 0.000000e+00 -2.225210e-01
    outer loop
      vertex -3.326695e+00 2.000000e+01 7.592965e-01
      vertex -3.500000e+00 2.087500e+01 2.143132e-16
      vertex -3.500000e+00 2.162500e+01 2.143132e-16
    endloop
  endfacet
  facet normal 9.806966e-01 1.344067e-02 -1.950728e-01
    outer loop
      vertex -3.326695e+00 2.000000e+01 7.592965e-01
      vertex -3.500000e+00 2.162500e+01 2.143132e-16
      vertex -3.366789e+00 2.162500e+01 6.696960e-01
    endloop
  endfacet
  facet normal 8.314270e-01 -1.011807e-02 -5.555418e-01
    outer loop
      vertex -3.326695e+00 2.000000e+01 7.592965e-01
      vertex -3.366789e+00 2.162500e+01 6.696960e-01
      vertex -2.987437e+00 2.162500e+01 1.237437e+00
    endloop
  endfacet
  facet normal 7.816716e-01 2.022510e-02 -6.233622e-01
    outer loop
      vertex -3.326695e+00 2.000000e+01 7.592965e-01
      vertex -2.987437e+00 2.162500e+01 1.237437e+00
      vertex -2.841107e+00 2.000000e+01 1.368205e+00
    endloop
  endfacet
  facet normal 1.000000e+00 -0.000000e+00 0.000000e+00
    outer loop
      vertex 2.000000e+00 1.900000e+01 -5.000000e-01
      vertex 2.000000e+00 1.925000e+01 -7.500000e-01
      vertex 2.000000e+00 2.087500e+01 -5.000000e-01
    endloop
  endfacet
  facet normal 1.000000e+00 0.000000e+00 0.000000e+00
    outer loop
      vertex 2.000000e+00 2.087500e+01 -5.000000e-01
      vertex 2.000000e+00 1.925000e+01 -7.500000e-01
      vertex 2.000000e+00 1.950000e+01 -1.000000e+00
    endloop
  endfacet
  facet normal 1.000000e+00 0.000000e+00 0.000000e+00
    outer loop
      vertex 2.000000e+00 2.087500e+01 -5.000000e-01
      vertex 2.000000e+00 1.950000e+01 -1.000000e+00
      vertex 2.000000e+00 2.087500e+01 -1.000000e+00
    endloop
  endfacet
  facet normal 1.000000e+00 0.000000e+00 -0.000000e+00
    outer loop
      vertex 2.000000e+00 2.325000e+01 -1.000000e+00
      vertex 2.000000e+00 2.325000e+01 -5.000000e-01
      vertex 2.000000e+00 2.137500e+01 -1.000000e+00
    endloop
  endfacet
  facet normal 1.000000e+00 0.000000e+00 -0.000000e+00
    outer loop
      vertex 2.000000e+00 2.137500e+01 -1.000000e+00
      vertex 2.000000e+00 2.325000e+01 -5.000000e-01
      vertex 2.000000e+00 2.087500e+01 -5.000000e-01
    endloop
  endfacet
  facet normal 1.000000e+00 0.000000e+00 0.000000e+00
    outer loop
      vertex 2.000000e+00 2.137500e+01 -1.000000e+00
      vertex 2.000000e+00 2.087500e+01 -5.000000e-01
      vertex 2.000000e+00 2.087500e+01 -1.000000e+00
    endloop
  endfacet
  facet normal 1.000000e+00 0.000000e+00 -0.000000e+00
    outer loop
      vertex 2.000000e+00 1.900000e+01 -5.000000e-01
      vertex 2.000000e+00 2.087500e+01 -5.000000e-01
      vertex 2.000000e+00 1.850000e+01 0.000000e+00
    endloop
  endfacet
  facet normal 1.000000e+00 -0.000000e+00 0.000000e+00
    outer loop
      vertex 2.000000e+00 1.850000e+01 0.000000e+00
      vertex 2.000000e+00 2.087500e+01 -5.000000e-01
      vertex 2.000000e+00 2.087500e+01 0.000000e+00
    endloop
  endfacet
  facet normal 1.000000e+00 0.000000e+00 0.000000e+00
    outer loop
      vertex 2.000000e+00 2.087500e+01 -5.000000e-01
      vertex 2.000000e+00 2.325000e+01 -5.000000e-01
      vertex 2.000000e+00 2.087500e+01 0.000000e+00
    endloop
  endfacet
  facet normal 1.000000e+00 -0.000000e+00 0.000000e+00
    outer loop
      vertex 2.000000e+00 2.087500e+01 0.000000e+00
      vertex 2.000000e+00 2.325000e+01 -5.000000e-01
      vertex 2.000000e+00 2.325000e+01 0.000000e+00
    endloop
  endfacet
  facet normal 7.071068e-01 0.000000e+00 -7.071068e-01
    outer loop
      vertex 2.000000e+00 2.087500e+01 -1.000000e+00
      vertex 1.500000e+00 2.000000e+01 -1.500000e+00
      vertex 2.000000e+00 2.137500e+01 -1.000000e+00
    endloop
  endfacet
  facet normal 7.071068e-01 0.000000e+00 -7.071068e-01
    outer loop
      vertex 1.500000e+00 2.000000e+01 -1.500000e+00
      vertex 2.000000e+00 2.087500e+01 -1.000000e+00
      vertex 2.000000e+00 1.950000e+01 -1.000000e+00
    endloop
  endfacet
  facet normal 7.071068e-01 0.000000e+00 -7.071068e-01
    outer loop
      vertex -7.500000e-01 2.325000e+01 -3.750000e+00
      vertex 4.292412e-01 2.325000e+01 -2.570759e+00
      vertex -7.500000e-01 2.162500e+01 -3.750000e+00
    endloop
  endfacet
  facet normal 7.071068e-01 0.000000e+00 -7.071068e-01
    outer loop
      vertex 6.250000e-01 2.000000e+01 -2.375000e+00
      vertex 6.250000e-01 2.137500e+01 -2.375000e+00
      vertex 1.500000e+00 2.000000e+01 -1.500000e+00
    endloop
  endfacet
  facet normal 7.071068e-01 0.000000e+00 -7.071068e-01
    outer loop
      vertex 1.500000e+00 2.000000e+01 -1.500000e+00
      vertex 6.250000e-01 2.137500e+01 -2.375000e+00
      vertex 2.000000e+00 2.137500e+01 -1.000000e+00
    endloop
  endfacet
  facet normal 7.071068e-01 0.000000e+00 -7.071068e-01
    outer loop
      vertex 6.250000e-01 2.325000e+01 -2.375000e+00
      vertex 2.000000e+00 2.325000e+01 -1.000000e+00
      vertex 6.250000e-01 2.137500e+01 -2.375000e+00
    endloop
  endfacet
  facet normal 7.071068e-01 0.000000e+00 -7.071068e-01
    outer loop
      vertex 6.250000e-01 2.137500e+01 -2.375000e+00
      vertex 2.000000e+00 2.325000e+01 -1.000000e+00
      vertex 2.000000e+00 2.137500e+01 -1.000000e+00
    endloop
  endfacet
  facet normal 7.071068e-01 0.000000e+00 -7.071068e-01
    outer loop
      vertex -7.500000e-01 2.137500e+01 -3.750000e+00
      vertex 6.250000e-01 2.137500e+01 -2.375000e+00
      vertex -7.500000e-01 2.000000e+01 -3.750000e+00
    endloop
  endfacet
  facet normal 7.071068e-01 0.000000e+00 -7.071068e-01
    outer loop
      vertex -7.500000e-01 2.000000e+01 -3.750000e+00
      vertex 6.250000e-01 2.137500e+01 -2.375000e+00
      vertex 6.250000e-01 2.000000e+01 -2.375000e+00
    endloop
  endfacet
  facet normal 7.071068e-01 0.000000e+00 -7.071068e-01
    outer loop
      vertex 6.250000e-01 2.137500e+01 -2.375000e+00
      vertex -7.500000e-01 2.137500e+01 -3.750000e+00
      vertex 6.250000e-01 2.325000e+01 -2.375000e+00
    endloop
  endfacet
  facet normal 7.071068e-01 0.000000e+00 -7.071068e-01
    outer loop
      vertex 6.250000e-01 2.325000e+01 -2.375000e+00
      vertex -7.500000e-01 2.137500e+01 -3.750000e+00
      vertex -7.500000e-01 2.162500e+01 -3.750000e+00
    endloop
  endfacet
  facet normal 7.071068e-01 0.000000e+00 -7.071068e-01
    outer loop
      vertex 6.250000e-01 2.325000e+01 -2.375000e+00
      vertex -7.500000e-01 2.162500e+01 -3.750000e+00
      vertex 4.292412e-01 2.325000e+01 -2.570759e+00
    endloop
  endfacet
  facet normal -9.749280e-01 -5.869437e-17 2.225209e-01
    outer loop
      vertex 0.000000e+00 2.325000e+01 0.000000e+00
      vertex -1.733045e-01 2.325000e+01 -7.592965e-01
      vertex 0.000000e+00 2.162500e+01 -4.286264e-16
    endloop
  endfacet
  facet normal -9.788143e-01 -8.806525e-03 2.045608e-01
    outer loop
      vertex -1.332108e-01 2.087500e+01 -6.696960e-01
      vertex 0.000000e+00 2.162500e+01 -4.286264e-16
      vertex -1.733045e-01 2.325000e+01 -7.592965e-01
    endloop
  endfacet
  facet normal -9.807853e-01 0.000000e+00 1.950903e-01
    outer loop
      vertex 0.000000e+00 2.087500e+01 -4.286264e-16
      vertex 0.000000e+00 2.162500e+01 -4.286264e-16
      vertex -1.332108e-01 2.087500e+01 -6.696960e-01
    endloop
  endfacet
  facet normal 9.807853e-01 -0.000000e+00 1.950904e-01
    outer loop
      vertex -3.500000e+00 2.087500e+01 2.143132e-16
      vertex -3.366789e+00 2.087500e+01 -6.696960e-01
      vertex -3.500000e+00 2.162500e+01 2.143132e-16
    endloop
  endfacet
  facet normal 9.788142e-01 -8.806520e-03 2.045609e-01
    outer loop
      vertex -3.326695e+00 2.325000e+01 -7.592965e-01
      vertex -3.500000e+00 2.162500e+01 2.143132e-16
      vertex -3.366789e+00 2.087500e+01 -6.696960e-01
    endloop
  endfacet
  facet normal 9.749278e-01 0.000000e+00 2.225210e-01
    outer loop
      vertex -3.500000e+00 2.325000e+01 2.143132e-16
      vertex -3.500000e+00 2.162500e+01 2.143132e-16
      vertex -3.326695e+00 2.325000e+01 -7.592965e-01
    endloop
  endfacet
  facet normal -9.371662e-01 3.307408e-03 3.488677e-01
    outer loop
      vertex -1.332108e-01 2.087500e+01 -6.696960e-01
      vertex -1.687628e-01 1.924979e+01 -7.497921e-01
      vertex -6.051490e-02 1.895622e+01 -4.562216e-01
    endloop
  endfacet
  facet normal 4.921884e-01 2.952078e-02 8.699880e-01
    outer loop
      vertex -2.911846e+00 2.000000e+01 -1.308669e+00
      vertex -2.273274e+00 2.000000e+01 -1.669935e+00
      vertex -2.419696e+00 2.087500e+01 -1.616789e+00
    endloop
  endfacet
  facet normal -7.817566e-01 -1.383976e-02 6.234301e-01
    outer loop
      vertex -6.588929e-01 2.325000e+01 -1.368205e+00
      vertex -5.125631e-01 2.087500e+01 -1.237437e+00
      vertex -1.733045e-01 2.325000e+01 -7.592965e-01
    endloop
  endfacet
  facet normal -5.555331e-01 1.155010e-02 8.314141e-01
    outer loop
      vertex -1.080304e+00 2.087500e+01 -1.616789e+00
      vertex -5.125631e-01 2.087500e+01 -1.237437e+00
      vertex -6.588929e-01 2.325000e+01 -1.368205e+00
    endloop
  endfacet
  facet normal 5.555333e-01 1.155011e-02 8.314140e-01
    outer loop
      vertex -2.841107e+00 2.325000e+01 -1.368205e+00
      vertex -2.987437e+00 2.087500e+01 -1.237437e+00
      vertex -2.419696e+00 2.087500e+01 -1.616789e+00
    endloop
  endfacet
  facet normal 7.817566e-01 -1.383973e-02 6.234301e-01
    outer loop
      vertex -2.987437e+00 2.087500e+01 -1.237437e+00
      vertex -2.841107e+00 2.325000e+01 -1.368205e+00
      vertex -3.326695e+00 2.325000e+01 -7.592965e-01
    endloop
  endfacet
  facet normal -9.913172e-01 1.738270e-16 1.314919e-01
    outer loop
      vertex 0.000000e+00 1.850000e+01 0.000000e+00
      vertex 0.000000e+00 2.000000e+01 -1.982939e-15
      vertex -6.051490e-02 1.895622e+01 -4.562216e-01
    endloop
  endfacet
  facet normal -9.913172e-01 0.000000e+00 1.314920e-01
    outer loop
      vertex -6.051490e-02 1.895622e+01 -4.562216e-01
      vertex 0.000000e+00 2.000000e+01 -1.982939e-15
      vertex 0.000000e+00 2.087500e+01 -4.286264e-16
    endloop
  endfacet
  facet normal -9.806682e-01 -1.545190e-02 1.950670e-01
    outer loop
      vertex -6.051490e-02 1.895622e+01 -4.562216e-01
      vertex 0.000000e+00 2.087500e+01 -4.286264e-16
      vertex -1.332108e-01 2.087500e+01 -6.696960e-01
    endloop
  endfacet
  facet normal -7.989979e-01 -4.687048e-03 6.013157e-01
    outer loop
      vertex -4.825973e-01 1.970673e+01 -1.206726e+00
      vertex -2.462248e-01 1.939507e+01 -8.950754e-01
      vertex -5.125631e-01 2.087500e+01 -1.237437e+00
    endloop
  endfacet
  facet normal -9.066294e-01 -6.678683e-02 4.166085e-01
    outer loop
      vertex -5.125631e-01 2.087500e+01 -1.237437e+00
      vertex -2.462248e-01 1.939507e+01 -8.950754e-01
      vertex -1.687628e-01 1.924979e+01 -7.497921e-01
    endloop
  endfacet
  facet normal -8.314345e-01 -9.191398e-03 5.555467e-01
    outer loop
      vertex -5.125631e-01 2.087500e+01 -1.237437e+00
      vertex -1.687628e-01 1.924979e+01 -7.497921e-01
      vertex -1.332108e-01 2.087500e+01 -6.696960e-01
    endloop
  endfacet
  facet normal -3.236925e-01 4.046122e-02 9.452968e-01
    outer loop
      vertex -1.542727e+00 2.000000e+01 -1.737682e+00
      vertex -8.486122e-01 2.000000e+01 -1.500000e+00
      vertex -1.080304e+00 2.087500e+01 -1.616789e+00
    endloop
  endfacet
  facet normal -6.593273e-01 -7.472786e-02 7.481331e-01
    outer loop
      vertex -1.080304e+00 2.087500e+01 -1.616789e+00
      vertex -8.486122e-01 2.000000e+01 -1.500000e+00
      vertex -4.825973e-01 1.970673e+01 -1.206726e+00
    endloop
  endfacet
  facet normal -5.555542e-01 7.606707e-03 8.314456e-01
    outer loop
      vertex -1.080304e+00 2.087500e+01 -1.616789e+00
      vertex -4.825973e-01 1.970673e+01 -1.206726e+00
      vertex -5.125631e-01 2.087500e+01 -1.237437e+00
    endloop
  endfacet
  facet normal -5.932545e-02 0.000000e+00 9.982387e-01
    outer loop
      vertex -1.750000e+00 2.000000e+01 -1.750000e+00
      vertex -1.542727e+00 2.000000e+01 -1.737682e+00
      vertex -1.750000e+00 2.087500e+01 -1.750000e+00
    endloop
  endfacet
  facet normal -1.949879e-01 -3.238912e-02 9.802707e-01
    outer loop
      vertex -1.750000e+00 2.087500e+01 -1.750000e+00
      vertex -1.542727e+00 2.000000e+01 -1.737682e+00
      vertex -1.080304e+00 2.087500e+01 -1.616789e+00
    endloop
  endfacet
  facet normal 2.217133e-01 -2.211025e-02 9.748612e-01
    outer loop
      vertex -2.273274e+00 2.000000e+01 -1.669935e+00
      vertex -2.000428e+00 2.000000e+01 -1.731989e+00
      vertex -2.419696e+00 2.087500e+01 -1.616789e+00
    endloop
  endfacet
  facet normal 7.140108e-02 -9.649206e-02 9.927695e-01
    outer loop
      vertex -2.419696e+00 2.087500e+01 -1.616789e+00
      vertex -2.000428e+00 2.000000e+01 -1.731989e+00
      vertex -1.750000e+00 2.000000e+01 -1.750000e+00
    endloop
  endfacet
  facet normal 1.950902e-01 0.000000e+00 9.807853e-01
    outer loop
      vertex -2.419696e+00 2.087500e+01 -1.616789e+00
      vertex -1.750000e+00 2.000000e+01 -1.750000e+00
      vertex -1.750000e+00 2.087500e+01 -1.750000e+00
    endloop
  endfacet
  facet normal 5.554627e-01 -1.968882e-02 8.313083e-01
    outer loop
      vertex -2.419696e+00 2.087500e+01 -1.616789e+00
      vertex -2.987437e+00 2.087500e+01 -1.237437e+00
      vertex -2.911846e+00 2.000000e+01 -1.308669e+00
    endloop
  endfacet
  facet normal 8.311755e-01 2.659311e-02 5.553737e-01
    outer loop
      vertex -2.911846e+00 2.000000e+01 -1.308669e+00
      vertex -2.987437e+00 2.087500e+01 -1.237437e+00
      vertex -3.366789e+00 2.087500e+01 -6.696960e-01
    endloop
  endfacet
  facet normal 8.058485e-01 -1.330156e-02 5.919723e-01
    outer loop
      vertex -2.911846e+00 2.000000e+01 -1.308669e+00
      vertex -3.366789e+00 2.087500e+01 -6.696960e-01
      vertex -3.346203e+00 2.000000e+01 -7.173805e-01
    endloop
  endfacet
  facet normal 9.807094e-01 1.244184e-02 1.950753e-01
    outer loop
      vertex -3.346203e+00 2.000000e+01 -7.173805e-01
      vertex -3.366789e+00 2.087500e+01 -6.696960e-01
      vertex -3.500000e+00 2.087500e+01 2.143132e-16
    endloop
  endfacet
  facet normal 9.777822e-01 0.000000e+00 2.096233e-01
    outer loop
      vertex -3.346203e+00 2.000000e+01 -7.173805e-01
      vertex -3.500000e+00 2.087500e+01 2.143132e-16
      vertex -3.500000e+00 2.000000e+01 9.914693e-16
    endloop
  endfacet
  facet normal -8.314497e-01 6.923085e-03 5.555569e-01
    outer loop
      vertex -5.125631e-01 2.087500e+01 -1.237437e+00
      vertex -1.332108e-01 2.087500e+01 -6.696960e-01
      vertex -1.733045e-01 2.325000e+01 -7.592965e-01
    endloop
  endfacet
  facet normal -4.338188e-01 -1.731240e-02 9.008338e-01
    outer loop
      vertex -6.588929e-01 2.325000e+01 -1.368205e+00
      vertex -1.360588e+00 2.325000e+01 -1.706124e+00
      vertex -1.080304e+00 2.087500e+01 -1.616789e+00
    endloop
  endfacet
  facet normal -1.119318e-01 2.415758e-02 9.934222e-01
    outer loop
      vertex -1.080304e+00 2.087500e+01 -1.616789e+00
      vertex -1.360588e+00 2.325000e+01 -1.706124e+00
      vertex -1.750000e+00 2.325000e+01 -1.750000e+00
    endloop
  endfacet
  facet normal -1.950903e-01 0.000000e+00 9.807853e-01
    outer loop
      vertex -1.080304e+00 2.087500e+01 -1.616789e+00
      vertex -1.750000e+00 2.325000e+01 -1.750000e+00
      vertex -1.750000e+00 2.087500e+01 -1.750000e+00
    endloop
  endfacet
  facet normal 4.338188e-01 -1.731242e-02 9.008338e-01
    outer loop
      vertex -2.841107e+00 2.325000e+01 -1.368205e+00
      vertex -2.419696e+00 2.087500e+01 -1.616789e+00
      vertex -2.139412e+00 2.325000e+01 -1.706124e+00
    endloop
  endfacet
  facet normal 1.950715e-01 1.386701e-02 9.806910e-01
    outer loop
      vertex -2.139412e+00 2.325000e+01 -1.706124e+00
      vertex -2.419696e+00 2.087500e+01 -1.616789e+00
      vertex -1.750000e+00 2.087500e+01 -1.750000e+00
    endloop
  endfacet
  facet normal 1.119645e-01 0.000000e+00 9.937122e-01
    outer loop
      vertex -2.139412e+00 2.325000e+01 -1.706124e+00
      vertex -1.750000e+00 2.087500e+01 -1.750000e+00
      vertex -1.750000e+00 2.325000e+01 -1.750000e+00
    endloop
  endfacet
  facet normal 8.314497e-01 6.923085e-03 5.555570e-01
    outer loop
      vertex -2.987437e+00 2.087500e+01 -1.237437e+00
      vertex -3.326695e+00 2.325000e+01 -7.592965e-01
      vertex -3.366789e+00 2.087500e+01 -6.696960e-01
    endloop
  endfacet
  facet normal -0.000000e+00 7.071068e-01 7.071068e-01
    outer loop
      vertex 0.000000e+00 2.237500e+01 4.625000e+00
      vertex 0.000000e+00 2.150000e+01 5.500000e+00
      vertex 1.987437e+00 2.237500e+01 4.625000e+00
    endloop
  endfacet
  facet normal 0.000000e+00 7.071068e-01 7.071068e-01
    outer loop
      vertex 1.987437e+00 2.237500e+01 4.625000e+00
      vertex 0.000000e+00 2.150000e+01 5.500000e+00
      vertex 1.987437e+00 2.150000e+01 5.500000e+00
    endloop
  endfacet
  facet normal -0.000000e+00 7.071068e-01 7.071068e-01
    outer loop
      vertex 1.987437e+00 2.237500e+01 4.625000e+00
      vertex 1.987437e+00 2.150000e+01 5.500000e+00
      vertex 3.612437e+00 2.237500e+01 4.625000e+00
    endloop
  endfacet
  facet normal 0.000000e+00 7.071068e-01 7.071068e-01
    outer loop
      vertex 3.612437e+00 2.237500e+01 4.625000e+00
      vertex 1.987437e+00 2.150000e+01 5.500000e+00
      vertex 3.974874e+00 2.150000e+01 5.500000e+00
    endloop
  endfacet
  facet normal -0.000000e+00 7.071068e-01 7.071068e-01
    outer loop
      vertex -4.440892e-15 2.325000e+01 3.750000e+00
      vertex 0.000000e+00 2.237500e+01 4.625000e+00
      vertex 4.292412e-01 2.325000e+01 3.750000e+00
    endloop
  endfacet
  facet normal 0.000000e+00 7.071068e-01 7.071068e-01
    outer loop
      vertex 4.292412e-01 2.325000e+01 3.750000e+00
      vertex 0.000000e+00 2.237500e+01 4.625000e+00
      vertex 1.987437e+00 2.237500e+01 4.625000e+00
    endloop
  endfacet
  facet normal -0.000000e+00 7.071068e-01 7.071068e-01
    outer loop
      vertex 4.292412e-01 2.325000e+01 3.750000e+00
      vertex 1.987437e+00 2.237500e+01 4.625000e+00
      vertex 1.987437e+00 2.325000e+01 3.750000e+00
    endloop
  endfacet
  facet normal 0.000000e+00 7.071068e-01 7.071068e-01
    outer loop
      vertex 3.612437e+00 2.237500e+01 4.625000e+00
      vertex 3.250000e+00 2.325000e+01 3.750000e+00
      vertex 1.987437e+00 2.237500e+01 4.625000e+00
    endloop
  endfacet
  facet normal 0.000000e+00 7.071068e-01 7.071068e-01
    outer loop
      vertex 1.987437e+00 2.237500e+01 4.625000e+00
      vertex 3.250000e+00 2.325000e+01 3.750000e+00
      vertex 1.987437e+00 2.325000e+01 3.750000e+00
    endloop
  endfacet
  facet normal -0.000000e+00 1.000000e+00 0.000000e+00
    outer loop
      vertex 4.292412e-01 2.325000e+01 3.750000e+00
      vertex 1.987437e+00 2.325000e+01 3.750000e+00
      vertex 4.547960e+00 2.325000e+01 2.452040e+00
    endloop
  endfacet
  facet normal 0.000000e+00 1.000000e+00 0.000000e+00
    outer loop
      vertex 6.358482e+00 2.325000e+01 6.415176e-01
      vertex 4.292412e-01 2.325000e+01 0.000000e+00
      vertex 4.547960e+00 2.325000e+01 2.452040e+00
    endloop
  endfacet
  facet normal 0.000000e+00 1.000000e+00 0.000000e+00
    outer loop
      vertex 4.292412e-01 2.325000e+01 3.750000e+00
      vertex 4.547960e+00 2.325000e+01 2.452040e+00
      vertex 4.292412e-01 2.325000e+01 0.000000e+00
    endloop
  endfacet
  facet normal 0.000000e+00 1.000000e+00 0.000000e+00
    outer loop
      vertex 3.250000e+00 2.325000e+01 3.750000e+00
      vertex 4.547960e+00 2.325000e+01 2.452040e+00
      vertex 1.987437e+00 2.325000e+01 3.750000e+00
    endloop
  endfacet
  facet normal 0.000000e+00 1.000000e+00 0.000000e+00
    outer loop
      vertex 2.000000e+00 2.325000e+01 0.000000e+00
      vertex 2.000000e+00 2.325000e+01 -5.000000e-01
      vertex 6.250000e-01 2.325000e+01 -2.375000e+00
    endloop
  endfacet
  facet normal 0.000000e+00 1.000000e+00 0.000000e+00
    outer loop
      vertex -1.360588e+00 2.325000e+01 1.706124e+00
      vertex -1.750000e+00 2.325000e+01 1.750000e+00
      vertex -1.375000e+00 2.325000e+01 3.750000e+00
    endloop
  endfacet
  facet normal 0.000000e+00 1.000000e+00 0.000000e+00
    outer loop
      vertex -1.360588e+00 2.325000e+01 -1.706124e+00
      vertex -1.750000e+00 2.325000e+01 -3.750000e+00
      vertex -1.750000e+00 2.325000e+01 -1.750000e+00
    endloop
  endfacet
  facet normal -0.000000e+00 1.000000e+00 0.000000e+00
    outer loop
      vertex -4.125000e+00 2.325000e+01 -2.375000e+00
      vertex -1.750000e+00 2.325000e+01 -1.750000e+00
      vertex -1.750000e+00 2.325000e+01 -3.750000e+00
    endloop
  endfacet
  facet normal 0.000000e+00 1.000000e+00 0.000000e+00
    outer loop
      vertex -2.139412e+00 2.325000e+01 -1.706124e+00
      vertex -1.750000e+00 2.325000e+01 -1.750000e+00
      vertex -4.125000e+00 2.325000e+01 -2.375000e+00
    endloop
  endfacet
  facet normal 0.000000e+00 1.000000e+00 0.000000e+00
    outer loop
      vertex 4.292412e-01 2.325000e+01 -2.570759e+00
      vertex 4.292412e-01 2.325000e+01 0.000000e+00
      vertex 6.250000e-01 2.325000e+01 -2.375000e+00
    endloop
  endfacet
  facet normal 0.000000e+00 1.000000e+00 0.000000e+00
    outer loop
      vertex 2.000000e+00 2.325000e+01 0.000000e+00
      vertex 6.250000e-01 2.325000e+01 -2.375000e+00
      vertex 4.292412e-01 2.325000e+01 0.000000e+00
    endloop
  endfacet
  facet normal 0.000000e+00 1.000000e+00 -0.000000e+00
    outer loop
      vertex 2.000000e+00 2.325000e+01 -1.000000e+00
      vertex 6.250000e-01 2.325000e+01 -2.375000e+00
      vertex 2.000000e+00 2.325000e+01 -5.000000e-01
    endloop
  endfacet
  facet normal 0.000000e+00 1.000000e+00 0.000000e+00
    outer loop
      vertex -2.750000e+00 2.325000e+01 3.750000e+00
      vertex -2.139412e+00 2.325000e+01 1.706124e+00
      vertex -4.125000e+00 2.325000e+01 2.375000e+00
    endloop
  endfacet
  facet normal 0.000000e+00 1.000000e+00 0.000000e+00
    outer loop
      vertex -5.500000e+00 2.325000e+01 1.000000e+00
      vertex -4.125000e+00 2.325000e+01 2.375000e+00
      vertex -2.139412e+00 2.325000e+01 1.706124e+00
    endloop
  endfacet
  facet normal 0.000000e+00 1.000000e+00 0.000000e+00
    outer loop
      vertex -4.440892e-15 2.325000e+01 3.750000e+00
      vertex -1.360588e+00 2.325000e+01 1.706124e+00
      vertex -1.375000e+00 2.325000e+01 3.750000e+00
    endloop
  endfacet
  facet normal 0.000000e+00 1.000000e+00 0.000000e+00
    outer loop
      vertex -2.139412e+00 2.325000e+01 1.706124e+00
      vertex -1.375000e+00 2.325000e+01 3.750000e+00
      vertex -1.750000e+00 2.325000e+01 1.750000e+00
    endloop
  endfacet
  facet normal -0.000000e+00 1.000000e+00 0.000000e+00
    outer loop
      vertex -2.750000e+00 2.325000e+01 3.750000e+00
      vertex -1.375000e+00 2.325000e+01 3.750000e+00
      vertex -2.139412e+00 2.325000e+01 1.706124e+00
    endloop
  endfacet
  facet normal 0.000000e+00 1.000000e+00 0.000000e+00
    outer loop
      vertex 6.358482e+00 2.325000e+01 6.415176e-01
      vertex 6.358482e+00 2.325000e+01 0.000000e+00
      vertex 2.000000e+00 2.325000e+01 0.000000e+00
    endloop
  endfacet
  facet normal 0.000000e+00 1.000000e+00 0.000000e+00
    outer loop
      vertex -4.125000e+00 2.325000e+01 -2.375000e+00
      vertex -1.750000e+00 2.325000e+01 -3.750000e+00
      vertex -2.750000e+00 2.325000e+01 -3.750000e+00
    endloop
  endfacet
  facet normal 0.000000e+00 1.000000e+00 0.000000e+00
    outer loop
      vertex -1.733045e-01 2.325000e+01 7.592965e-01
      vertex 4.292412e-01 2.325000e+01 0.000000e+00
      vertex 0.000000e+00 2.325000e+01 0.000000e+00
    endloop
  endfacet
  facet normal 0.000000e+00 1.000000e+00 0.000000e+00
    outer loop
      vertex -2.841107e+00 2.325000e+01 -1.368205e+00
      vertex -2.139412e+00 2.325000e+01 -1.706124e+00
      vertex -4.125000e+00 2.325000e+01 -2.375000e+00
    endloop
  endfacet
  facet normal 0.000000e+00 1.000000e+00 -0.000000e+00
    outer loop
      vertex -7.500000e-01 2.325000e+01 -3.750000e+00
      vertex -1.750000e+00 2.325000e+01 -3.750000e+00
      vertex 4.292412e-01 2.325000e+01 -2.570759e+00
    endloop
  endfacet
  facet normal 0.000000e+00 1.000000e+00 0.000000e+00
    outer loop
      vertex 4.292412e-01 2.325000e+01 -2.570759e+00
      vertex -1.750000e+00 2.325000e+01 -3.750000e+00
      vertex -1.360588e+00 2.325000e+01 -1.706124e+00
    endloop
  endfacet
  facet normal 0.000000e+00 1.000000e+00 -0.000000e+00
    outer loop
      vertex 2.000000e+00 2.325000e+01 0.000000e+00
      vertex 4.292412e-01 2.325000e+01 0.000000e+00
      vertex 6.358482e+00 2.325000e+01 6.415176e-01
    endloop
  endfacet
  facet normal 0.000000e+00 1.000000e+00 0.000000e+00
    outer loop
      vertex -3.500000e+00 2.325000e+01 2.143132e-16
      vertex -3.326695e+00 2.325000e+01 -7.592965e-01
      vertex -5.500000e+00 2.325000e+01 0.000000e+00
    endloop
  endfacet
  facet normal 0.000000e+00 1.000000e+00 0.000000e+00
    outer loop
      vertex -5.500000e+00 2.325000e+01 0.000000e+00
      vertex -3.326695e+00 2.325000e+01 -7.592965e-01
      vertex -5.500000e+00 2.325000e+01 -1.000000e+00
    endloop
  endfacet
  facet normal 0.000000e+00 1.000000e+00 0.000000e+00
    outer loop
      vertex -3.326695e+00 2.325000e+01 -7.592965e-01
      vertex -2.841107e+00 2.325000e+01 -1.368205e+00
      vertex -5.500000e+00 2.325000e+01 -1.000000e+00
    endloop
  endfacet
  facet normal 0.000000e+00 1.000000e+00 0.000000e+00
    outer loop
      vertex -5.500000e+00 2.325000e+01 -1.000000e+00
      vertex -2.841107e+00 2.325000e+01 -1.368205e+00
      vertex -4.125000e+00 2.325000e+01 -2.375000e+00
    endloop
  endfacet
  facet normal 0.000000e+00 1.000000e+00 0.000000e+00
    outer loop
      vertex -5.500000e+00 2.325000e+01 1.000000e+00
      vertex -2.139412e+00 2.325000e+01 1.706124e+00
      vertex -2.841107e+00 2.325000e+01 1.368205e+00
    endloop
  endfacet
  facet normal -0.000000e+00 1.000000e+00 0.000000e+00
    outer loop
      vertex -5.500000e+00 2.325000e+01 1.000000e+00
      vertex -2.841107e+00 2.325000e+01 1.368205e+00
      vertex -3.326695e+00 2.325000e+01 7.592965e-01
    endloop
  endfacet
  facet normal 0.000000e+00 1.000000e+00 0.000000e+00
    outer loop
      vertex -5.500000e+00 2.325000e+01 1.000000e+00
      vertex -3.326695e+00 2.325000e+01 7.592965e-01
      vertex -3.500000e+00 2.325000e+01 2.143132e-16
    endloop
  endfacet
  facet normal 0.000000e+00 1.000000e+00 0.000000e+00
    outer loop
      vertex -5.500000e+00 2.325000e+01 1.000000e+00
      vertex -3.500000e+00 2.325000e+01 2.143132e-16
      vertex -5.500000e+00 2.325000e+01 0.000000e+00
    endloop
  endfacet
  facet normal 0.000000e+00 1.000000e+00 0.000000e+00
    outer loop
      vertex 4.292412e-01 2.325000e+01 3.750000e+00
      vertex 4.292412e-01 2.325000e+01 0.000000e+00
      vertex -1.733045e-01 2.325000e+01 7.592965e-01
    endloop
  endfacet
  facet normal 0.000000e+00 1.000000e+00 0.000000e+00
    outer loop
      vertex 4.292412e-01 2.325000e+01 3.750000e+00
      vertex -1.733045e-01 2.325000e+01 7.592965e-01
      vertex -6.588929e-01 2.325000e+01 1.368205e+00
    endloop
  endfacet
  facet normal 0.000000e+00 1.000000e+00 0.000000e+00
    outer loop
      vertex 4.292412e-01 2.325000e+01 3.750000e+00
      vertex -6.588929e-01 2.325000e+01 1.368205e+00
      vertex -1.360588e+00 2.325000e+01 1.706124e+00
    endloop
  endfacet
  facet normal 0.000000e+00 1.000000e+00 0.000000e+00
    outer loop
      vertex 4.292412e-01 2.325000e+01 3.750000e+00
      vertex -1.360588e+00 2.325000e+01 1.706124e+00
      vertex -4.440892e-15 2.325000e+01 3.750000e+00
    endloop
  endfacet
  facet normal 0.000000e+00 1.000000e+00 0.000000e+00
    outer loop
      vertex 4.292412e-01 2.325000e+01 -2.570759e+00
      vertex -1.360588e+00 2.325000e+01 -1.706124e+00
      vertex -6.588929e-01 2.325000e+01 -1.368205e+00
    endloop
  endfacet
  facet normal 0.000000e+00 1.000000e+00 0.000000e+00
    outer loop
      vertex 4.292412e-01 2.325000e+01 -2.570759e+00
      vertex -6.588929e-01 2.325000e+01 -1.368205e+00
      vertex -1.733045e-01 2.325000e+01 -7.592965e-01
    endloop
  endfacet
  facet normal 0.000000e+00 1.000000e+00 0.000000e+00
    outer loop
      vertex 4.292412e-01 2.325000e+01 -2.570759e+00
      vertex -1.733045e-01 2.325000e+01 -7.592965e-01
      vertex 0.000000e+00 2.325000e+01 0.000000e+00
    endloop
  endfacet
  facet normal 0.000000e+00 1.000000e+00 -0.000000e+00
    outer loop
      vertex 4.292412e-01 2.325000e+01 -2.570759e+00
      vertex 0.000000e+00 2.325000e+01 0.000000e+00
      vertex 4.292412e-01 2.325000e+01 0.000000e+00
    endloop
  endfacet
  facet normal -7.071068e-01 0.000000e+00 7.071068e-01
    outer loop
      vertex -2.750000e+00 2.000000e+01 3.750000e+00
      vertex -2.750000e+00 2.162500e+01 3.750000e+00
      vertex -4.125000e+00 2.000000e+01 2.375000e+00
    endloop
  endfacet
  facet normal -7.071068e-01 0.000000e+00 7.071068e-01
    outer loop
      vertex -4.125000e+00 2.000000e+01 2.375000e+00
      vertex -2.750000e+00 2.162500e+01 3.750000e+00
      vertex -4.125000e+00 2.162500e+01 2.375000e+00
    endloop
  endfacet
  facet normal -7.071068e-01 0.000000e+00 7.071068e-01
    outer loop
      vertex -2.750000e+00 2.162500e+01 3.750000e+00
      vertex -2.750000e+00 2.325000e+01 3.750000e+00
      vertex -4.125000e+00 2.162500e+01 2.375000e+00
    endloop
  endfacet
  facet normal -7.071068e-01 0.000000e+00 7.071068e-01
    outer loop
      vertex -4.125000e+00 2.162500e+01 2.375000e+00
      vertex -2.750000e+00 2.325000e+01 3.750000e+00
      vertex -4.125000e+00 2.325000e+01 2.375000e+00
    endloop
  endfacet
  facet normal -7.071068e-01 0.000000e+00 7.071068e-01
    outer loop
      vertex -4.125000e+00 2.000000e+01 2.375000e+00
      vertex -4.125000e+00 2.162500e+01 2.375000e+00
      vertex -5.500000e+00 2.000000e+01 1.000000e+00
    endloop
  endfacet
  facet normal -7.071068e-01 0.000000e+00 7.071068e-01
    outer loop
      vertex -5.500000e+00 2.000000e+01 1.000000e+00
      vertex -4.125000e+00 2.162500e+01 2.375000e+00
      vertex -5.500000e+00 2.162500e+01 1.000000e+00
    endloop
  endfacet
  facet normal -7.071068e-01 0.000000e+00 7.071068e-01
    outer loop
      vertex -4.125000e+00 2.162500e+01 2.375000e+00
      vertex -4.125000e+00 2.325000e+01 2.375000e+00
      vertex -5.500000e+00 2.162500e+01 1.000000e+00
    endloop
  endfacet
  facet normal -7.071068e-01 0.000000e+00 7.071068e-01
    outer loop
      vertex -5.500000e+00 2.162500e+01 1.000000e+00
      vertex -4.125000e+00 2.325000e+01 2.375000e+00
      vertex -5.500000e+00 2.325000e+01 1.000000e+00
    endloop
  endfacet
  facet normal 5.000000e-01 7.071068e-01 5.000000e-01
    outer loop
      vertex 5.785397e+00 2.150000e+01 3.689477e+00
      vertex 5.166678e+00 2.237500e+01 3.070759e+00
      vertex 3.974874e+00 2.150000e+01 5.500000e+00
    endloop
  endfacet
  facet normal 5.000000e-01 7.071068e-01 5.000000e-01
    outer loop
      vertex 3.974874e+00 2.150000e+01 5.500000e+00
      vertex 5.166678e+00 2.237500e+01 3.070759e+00
      vertex 3.612437e+00 2.237500e+01 4.625000e+00
    endloop
  endfacet
  facet normal 5.000000e-01 7.071068e-01 5.000000e-01
    outer loop
      vertex 6.358482e+00 2.150000e+01 3.116391e+00
      vertex 6.358482e+00 2.237500e+01 1.878955e+00
      vertex 5.785397e+00 2.150000e+01 3.689477e+00
    endloop
  endfacet
  facet normal 4.999999e-01 7.071069e-01 5.000000e-01
    outer loop
      vertex 5.785397e+00 2.150000e+01 3.689477e+00
      vertex 6.358482e+00 2.237500e+01 1.878955e+00
      vertex 5.166678e+00 2.237500e+01 3.070759e+00
    endloop
  endfacet
  facet normal 5.000001e-01 7.071067e-01 5.000001e-01
    outer loop
      vertex 5.166678e+00 2.237500e+01 3.070759e+00
      vertex 4.547960e+00 2.325000e+01 2.452040e+00
      vertex 3.612437e+00 2.237500e+01 4.625000e+00
    endloop
  endfacet
  facet normal 5.000000e-01 7.071068e-01 5.000001e-01
    outer loop
      vertex 3.612437e+00 2.237500e+01 4.625000e+00
      vertex 4.547960e+00 2.325000e+01 2.452040e+00
      vertex 3.250000e+00 2.325000e+01 3.750000e+00
    endloop
  endfacet
  facet normal 5.000001e-01 7.071066e-01 5.000001e-01
    outer loop
      vertex 5.166678e+00 2.237500e+01 3.070759e+00
      vertex 6.358482e+00 2.237500e+01 1.878955e+00
      vertex 4.547960e+00 2.325000e+01 2.452040e+00
    endloop
  endfacet
  facet normal 5.000000e-01 7.071071e-01 4.999996e-01
    outer loop
      vertex 4.547960e+00 2.325000e+01 2.452040e+00
      vertex 6.358482e+00 2.237500e+01 1.878955e+00
      vertex 6.358482e+00 2.260181e+01 1.558196e+00
    endloop
  endfacet
  facet normal 5.000002e-01 7.071066e-01 5.000001e-01
    outer loop
      vertex 4.547960e+00 2.325000e+01 2.452040e+00
      vertex 6.358482e+00 2.260181e+01 1.558196e+00
      vertex 6.358482e+00 2.325000e+01 6.415176e-01
    endloop
  endfacet
  facet normal -0.000000e+00 1.000000e+00 0.000000e+00
    outer loop
      vertex 0.000000e+00 2.150000e+01 1.150000e+01
      vertex 5.500000e+00 2.150000e+01 1.150000e+01
      vertex 0.000000e+00 2.150000e+01 5.750000e+00
    endloop
  endfacet
  facet normal 0.000000e+00 1.000000e+00 0.000000e+00
    outer loop
      vertex 0.000000e+00 2.150000e+01 5.750000e+00
      vertex 5.500000e+00 2.150000e+01 1.150000e+01
      vertex 1.000000e+01 2.150000e+01 7.000000e+00
    endloop
  endfacet
  facet normal 0.000000e+00 1.000000e+00 0.000000e+00
    outer loop
      vertex 0.000000e+00 2.150000e+01 5.750000e+00
      vertex 1.000000e+01 2.150000e+01 7.000000e+00
      vertex 1.075000e+01 2.150000e+01 5.750000e+00
    endloop
  endfacet
  facet normal 0.000000e+00 1.000000e+00 -0.000000e+00
    outer loop
      vertex 1.075000e+01 2.150000e+01 5.750000e+00
      vertex 1.000000e+01 2.150000e+01 7.000000e+00
      vertex 1.075000e+01 2.150000e+01 7.000000e+00
    endloop
  endfacet
  facet normal 0.000000e+00 1.000000e+00 0.000000e+00
    outer loop
      vertex 1.075000e+01 2.150000e+01 5.750000e+00
      vertex 1.075000e+01 2.150000e+01 7.000000e+00
      vertex 2.150000e+01 2.150000e+01 5.750000e+00
    endloop
  endfacet
  facet normal 0.000000e+00 1.000000e+00 0.000000e+00
    outer loop
      vertex 2.150000e+01 2.150000e+01 5.750000e+00
      vertex 1.075000e+01 2.150000e+01 7.000000e+00
      vertex 1.700000e+01 2.150000e+01 7.000000e+00
    endloop
  endfacet
  facet normal 0.000000e+00 1.000000e+00 -0.000000e+00
    outer loop
      vertex 2.150000e+01 2.150000e+01 5.750000e+00
      vertex 1.700000e+01 2.150000e+01 7.000000e+00
      vertex 2.150000e+01 2.150000e+01 1.000000e+01
    endloop
  endfacet
  facet normal 0.000000e+00 1.000000e+00 0.000000e+00
    outer loop
      vertex 2.150000e+01 2.150000e+01 1.000000e+01
      vertex 1.700000e+01 2.150000e+01 7.000000e+00
      vertex 2.000000e+01 2.150000e+01 1.000000e+01
    endloop
  endfacet
  facet normal 0.000000e+00 1.000000e+00 0.000000e+00
    outer loop
      vertex 2.150000e+01 2.150000e+01 5.750000e+00
      vertex 2.150000e+01 2.150000e+01 0.000000e+00
      vertex 1.075000e+01 2.150000e+01 5.750000e+00
    endloop
  endfacet
  facet normal 0.000000e+00 1.000000e+00 0.000000e+00
    outer loop
      vertex 1.075000e+01 2.150000e+01 5.750000e+00
      vertex 2.150000e+01 2.150000e+01 0.000000e+00
      vertex 1.075000e+01 2.150000e+01 0.000000e+00
    endloop
  endfacet
  facet normal 0.000000e+00 1.000000e+00 0.000000e+00
    outer loop
      vertex 1.075000e+01 2.150000e+01 5.750000e+00
      vertex 1.075000e+01 2.150000e+01 0.000000e+00
      vertex 6.358482e+00 2.150000e+01 0.000000e+00
    endloop
  endfacet
  facet normal 0.000000e+00 1.000000e+00 0.000000e+00
    outer loop
      vertex 1.075000e+01 2.150000e+01 5.750000e+00
      vertex 6.358482e+00 2.150000e+01 0.000000e+00
      vertex 6.358482e+00 2.150000e+01 1.558196e+00
    endloop
  endfacet
  facet normal 0.000000e+00 1.000000e+00 0.000000e+00
    outer loop
      vertex 1.075000e+01 2.150000e+01 5.750000e+00
      vertex 6.358482e+00 2.150000e+01 1.558196e+00
      vertex 6.358482e+00 2.150000e+01 3.116391e+00
    endloop
  endfacet
  facet normal 0.000000e+00 1.000000e+00 0.000000e+00
    outer loop
      vertex 1.075000e+01 2.150000e+01 5.750000e+00
      vertex 6.358482e+00 2.150000e+01 3.116391e+00
      vertex 5.785397e+00 2.150000e+01 3.689477e+00
    endloop
  endfacet
  facet normal 0.000000e+00 1.000000e+00 0.000000e+00
    outer loop
      vertex 1.075000e+01 2.150000e+01 5.750000e+00
      vertex 5.785397e+00 2.150000e+01 3.689477e+00
      vertex 3.974874e+00 2.150000e+01 5.500000e+00
    endloop
  endfacet
  facet normal 0.000000e+00 1.000000e+00 0.000000e+00
    outer loop
      vertex 1.075000e+01 2.150000e+01 5.750000e+00
      vertex 3.974874e+00 2.150000e+01 5.500000e+00
      vertex 1.987437e+00 2.150000e+01 5.500000e+00
    endloop
  endfacet
  facet normal 0.000000e+00 1.000000e+00 0.000000e+00
    outer loop
      vertex 1.075000e+01 2.150000e+01 5.750000e+00
      vertex 1.987437e+00 2.150000e+01 5.500000e+00
      vertex 0.000000e+00 2.150000e+01 5.500000e+00
    endloop
  endfacet
  facet normal 0.000000e+00 1.000000e+00 0.000000e+00
    outer loop
      vertex 1.075000e+01 2.150000e+01 5.750000e+00
      vertex 0.000000e+00 2.150000e+01 5.500000e+00
      vertex 0.000000e+00 2.150000e+01 5.750000e+00
    endloop
  endfacet
  facet normal -0.000000e+00 0.000000e+00 1.000000e+00
    outer loop
      vertex -2.750000e+00 2.162500e+01 3.750000e+00
      vertex -2.750000e+00 2.000000e+01 3.750000e+00
      vertex -1.375000e+00 2.162500e+01 3.750000e+00
    endloop
  endfacet
  facet normal 0.000000e+00 0.000000e+00 1.000000e+00
    outer loop
      vertex -1.375000e+00 2.162500e+01 3.750000e+00
      vertex -2.750000e+00 2.000000e+01 3.750000e+00
      vertex -2.000000e+00 2.000000e+01 3.750000e+00
    endloop
  endfacet
  facet normal 0.000000e+00 0.000000e+00 1.000000e+00
    outer loop
      vertex -1.375000e+00 2.162500e+01 3.750000e+00
      vertex -2.000000e+00 2.000000e+01 3.750000e+00
      vertex -1.375000e+00 2.000000e+01 3.750000e+00
    endloop
  endfacet
  facet normal 0.000000e+00 0.000000e+00 1.000000e+00
    outer loop
      vertex -1.375000e+00 2.325000e+01 3.750000e+00
      vertex -2.750000e+00 2.325000e+01 3.750000e+00
      vertex -1.375000e+00 2.162500e+01 3.750000e+00
    endloop
  endfacet
  facet normal 0.000000e+00 0.000000e+00 1.000000e+00
    outer loop
      vertex -1.375000e+00 2.162500e+01 3.750000e+00
      vertex -2.750000e+00 2.325000e+01 3.750000e+00
      vertex -2.750000e+00 2.162500e+01 3.750000e+00
    endloop
  endfacet
  facet normal 0.000000e+00 0.000000e+00 1.000000e+00
    outer loop
      vertex -1.375000e+00 2.000000e+01 3.750000e+00
      vertex 0.000000e+00 2.000000e+01 3.750000e+00
      vertex -1.375000e+00 2.162500e+01 3.750000e+00
    endloop
  endfacet
  facet normal -0.000000e+00 0.000000e+00 1.000000e+00
    outer loop
      vertex -1.375000e+00 2.162500e+01 3.750000e+00
      vertex 0.000000e+00 2.000000e+01 3.750000e+00
      vertex 0.000000e+00 2.162500e+01 3.750000e+00
    endloop
  endfacet
  facet normal 0.000000e+00 0.000000e+00 1.000000e+00
    outer loop
      vertex -1.375000e+00 2.162500e+01 3.750000e+00
      vertex 0.000000e+00 2.162500e+01 3.750000e+00
      vertex -1.375000e+00 2.325000e+01 3.750000e+00
    endloop
  endfacet
  facet normal -0.000000e+00 0.000000e+00 1.000000e+00
    outer loop
      vertex -1.375000e+00 2.325000e+01 3.750000e+00
      vertex 0.000000e+00 2.162500e+01 3.750000e+00
      vertex -4.440892e-15 2.325000e+01 3.750000e+00
    endloop
  endfacet
  facet normal 1.000000e+00 0.000000e+00 0.000000e+00
    outer loop
      vertex 6.358482e+00 2.237500e+01 1.878955e+00
      vertex 6.358482e+00 2.237500e+01 1.558196e+00
      vertex 6.358482e+00 2.260181e+01 1.558196e+00
    endloop
  endfacet
  facet normal 1.000000e+00 0.000000e+00 -0.000000e+00
    outer loop
      vertex 6.358482e+00 2.237500e+01 1.558196e+00
      vertex 6.358482e+00 2.237500e+01 1.878955e+00
      vertex 6.358482e+00 2.150000e+01 1.558196e+00
    endloop
  endfacet
  facet normal 1.000000e+00 0.000000e+00 0.000000e+00
    outer loop
      vertex 6.358482e+00 2.150000e+01 1.558196e+00
      vertex 6.358482e+00 2.237500e+01 1.878955e+00
      vertex 6.358482e+00 2.150000e+01 3.116391e+00
    endloop
  endfacet
  facet normal 1.000000e+00 0.000000e+00 -0.000000e+00
    outer loop
      vertex 6.358482e+00 2.237500e+01 0.000000e+00
      vertex 6.358482e+00 2.237500e+01 1.558196e+00
      vertex 6.358482e+00 2.150000e+01 0.000000e+00
    endloop
  endfacet
  facet normal 1.000000e+00 0.000000e+00 0.000000e+00
    outer loop
      vertex 6.358482e+00 2.150000e+01 0.000000e+00
      vertex 6.358482e+00 2.237500e+01 1.558196e+00
      vertex 6.358482e+00 2.150000e+01 1.558196e+00
    endloop
  endfacet
  facet normal 1.000000e+00 -0.000000e+00 0.000000e+00
    outer loop
      vertex 6.358482e+00 2.237500e+01 1.558196e+00
      vertex 6.358482e+00 2.237500e+01 0.000000e+00
      vertex 6.358482e+00 2.260181e+01 1.558196e+00
    endloop
  endfacet
  facet normal 1.000000e+00 0.000000e+00 0.000000e+00
    outer loop
      vertex 6.358482e+00 2.260181e+01 1.558196e+00
      vertex 6.358482e+00 2.237500e+01 0.000000e+00
      vertex 6.358482e+00 2.325000e+01 0.000000e+00
    endloop
  endfacet
  facet normal 1.000000e+00 0.000000e+00 0.000000e+00
    outer loop
      vertex 6.358482e+00 2.260181e+01 1.558196e+00
      vertex 6.358482e+00 2.325000e+01 0.000000e+00
      vertex 6.358482e+00 2.325000e+01 6.415176e-01
    endloop
  endfacet
  facet normal -0.000000e+00 -1.000000e+00 0.000000e+00
    outer loop
      vertex -1.750000e+00 2.000000e+01 1.750000e+00
      vertex 0.000000e+00 2.000000e+01 3.750000e+00
      vertex -1.999993e+00 2.000000e+01 1.732052e+00
    endloop
  endfacet
  facet normal 0.000000e+00 -1.000000e+00 0.000000e+00
    outer loop
      vertex 0.000000e+00 2.000000e+01 3.750000e+00
      vertex -1.750000e+00 2.000000e+01 1.750000e+00
      vertex -1.360588e+00 2.000000e+01 1.706124e+00
    endloop
  endfacet
  facet normal 0.000000e+00 -1.000000e+00 0.000000e+00
    outer loop
      vertex -1.750000e+00 2.000000e+01 -1.750000e+00
      vertex -7.500000e-01 2.000000e+01 -3.750000e+00
      vertex -1.542727e+00 2.000000e+01 -1.737682e+00
    endloop
  endfacet
  facet normal 0.000000e+00 -1.000000e+00 0.000000e+00
    outer loop
      vertex -7.500000e-01 2.000000e+01 -3.750000e+00
      vertex -1.750000e+00 2.000000e+01 -1.750000e+00
      vertex -2.000428e+00 2.000000e+01 -1.731989e+00
    endloop
  endfacet
  facet normal 0.000000e+00 -1.000000e+00 0.000000e+00
    outer loop
      vertex 6.250000e-01 2.000000e+01 -2.375000e+00
      vertex 5.756939e-01 2.000000e+01 -1.500000e+00
      vertex -8.486122e-01 2.000000e+01 -1.500000e+00
    endloop
  endfacet
  facet normal -0.000000e+00 -1.000000e+00 0.000000e+00
    outer loop
      vertex 6.250000e-01 2.000000e+01 -2.375000e+00
      vertex -8.486122e-01 2.000000e+01 -1.500000e+00
      vertex -7.500000e-01 2.000000e+01 -3.750000e+00
    endloop
  endfacet
  facet normal 0.000000e+00 -1.000000e+00 0.000000e+00
    outer loop
      vertex 5.756939e-01 2.000000e+01 -1.500000e+00
      vertex 6.250000e-01 2.000000e+01 -2.375000e+00
      vertex 1.500000e+00 2.000000e+01 -1.500000e+00
    endloop
  endfacet
  facet normal 0.000000e+00 -1.000000e+00 -0.000000e+00
    outer loop
      vertex -4.125000e+00 2.000000e+01 2.375000e+00
      vertex -5.500000e+00 2.000000e+01 0.000000e+00
      vertex -2.750000e+00 2.000000e+01 3.750000e+00
    endloop
  endfacet
  facet normal 0.000000e+00 -1.000000e+00 0.000000e+00
    outer loop
      vertex -5.500000e+00 2.000000e+01 0.000000e+00
      vertex -4.125000e+00 2.000000e+01 2.375000e+00
      vertex -5.500000e+00 2.000000e+01 1.000000e+00
    endloop
  endfacet
  facet normal 0.000000e+00 -1.000000e+00 -0.000000e+00
    outer loop
      vertex -1.375000e+00 2.000000e+01 3.750000e+00
      vertex -1.999993e+00 2.000000e+01 1.732052e+00
      vertex 0.000000e+00 2.000000e+01 3.750000e+00
    endloop
  endfacet
  facet normal 0.000000e+00 -1.000000e+00 0.000000e+00
    outer loop
      vertex -1.999993e+00 2.000000e+01 1.732052e+00
      vertex -1.375000e+00 2.000000e+01 3.750000e+00
      vertex -2.000000e+00 2.000000e+01 3.750000e+00
    endloop
  endfacet
  facet normal 0.000000e+00 -1.000000e+00 0.000000e+00
    outer loop
      vertex -1.750000e+00 2.000000e+01 -3.750000e+00
      vertex -2.000428e+00 2.000000e+01 -1.731989e+00
      vertex -2.000000e+00 2.000000e+01 -3.750000e+00
    endloop
  endfacet
  facet normal 0.000000e+00 -1.000000e+00 0.000000e+00
    outer loop
      vertex -2.000428e+00 2.000000e+01 -1.731989e+00
      vertex -1.750000e+00 2.000000e+01 -3.750000e+00
      vertex -7.500000e-01 2.000000e+01 -3.750000e+00
    endloop
  endfacet
  facet normal 0.000000e+00 -1.000000e+00 0.000000e+00
    outer loop
      vertex -2.273274e+00 2.000000e+01 -1.669935e+00
      vertex -2.000000e+00 2.000000e+01 -3.750000e+00
      vertex -2.000428e+00 2.000000e+01 -1.731989e+00
    endloop
  endfacet
  facet normal 0.000000e+00 -1.000000e+00 0.000000e+00
    outer loop
      vertex -4.125000e+00 2.000000e+01 -2.375000e+00
      vertex -3.500000e+00 2.000000e+01 9.914693e-16
      vertex -5.500000e+00 2.000000e+01 -1.000000e+00
    endloop
  endfacet
  facet normal 0.000000e+00 -1.000000e+00 0.000000e+00
    outer loop
      vertex -5.500000e+00 2.000000e+01 -1.000000e+00
      vertex -3.500000e+00 2.000000e+01 9.914693e-16
      vertex -5.500000e+00 2.000000e+01 0.000000e+00
    endloop
  endfacet
  facet normal 0.000000e+00 -1.000000e+00 0.000000e+00
    outer loop
      vertex -2.750000e+00 2.000000e+01 3.750000e+00
      vertex -5.500000e+00 2.000000e+01 0.000000e+00
      vertex -3.500000e+00 2.000000e+01 9.914693e-16
    endloop
  endfacet
  facet normal 0.000000e+00 -1.000000e+00 0.000000e+00
    outer loop
      vertex -2.750000e+00 2.000000e+01 3.750000e+00
      vertex -3.500000e+00 2.000000e+01 9.914693e-16
      vertex -3.326695e+00 2.000000e+01 7.592965e-01
    endloop
  endfacet
  facet normal 0.000000e+00 -1.000000e+00 0.000000e+00
    outer loop
      vertex -2.750000e+00 2.000000e+01 3.750000e+00
      vertex -3.326695e+00 2.000000e+01 7.592965e-01
      vertex -2.841107e+00 2.000000e+01 1.368205e+00
    endloop
  endfacet
  facet normal 0.000000e+00 -1.000000e+00 -0.000000e+00
    outer loop
      vertex -2.750000e+00 2.000000e+01 3.750000e+00
      vertex -2.841107e+00 2.000000e+01 1.368205e+00
      vertex -2.139412e+00 2.000000e+01 1.706124e+00
    endloop
  endfacet
  facet normal 0.000000e+00 -1.000000e+00 0.000000e+00
    outer loop
      vertex -2.750000e+00 2.000000e+01 3.750000e+00
      vertex -2.139412e+00 2.000000e+01 1.706124e+00
      vertex -1.999993e+00 2.000000e+01 1.732052e+00
    endloop
  endfacet
  facet normal 0.000000e+00 -1.000000e+00 0.000000e+00
    outer loop
      vertex -2.750000e+00 2.000000e+01 3.750000e+00
      vertex -1.999993e+00 2.000000e+01 1.732052e+00
      vertex -2.000000e+00 2.000000e+01 3.750000e+00
    endloop
  endfacet
  facet normal 0.000000e+00 -1.000000e+00 0.000000e+00
    outer loop
      vertex -2.750000e+00 2.000000e+01 -3.750000e+00
      vertex -2.000000e+00 2.000000e+01 -3.750000e+00
      vertex -2.273274e+00 2.000000e+01 -1.669935e+00
    endloop
  endfacet
  facet normal 0.000000e+00 -1.000000e+00 0.000000e+00
    outer loop
      vertex -2.750000e+00 2.000000e+01 -3.750000e+00
      vertex -2.273274e+00 2.000000e+01 -1.669935e+00
      vertex -2.911846e+00 2.000000e+01 -1.308669e+00
    endloop
  endfacet
  facet normal 0.000000e+00 -1.000000e+00 0.000000e+00
    outer loop
      vertex -2.750000e+00 2.000000e+01 -3.750000e+00
      vertex -2.911846e+00 2.000000e+01 -1.308669e+00
      vertex -3.346203e+00 2.000000e+01 -7.173805e-01
    endloop
  endfacet
  facet normal 0.000000e+00 -1.000000e+00 0.000000e+00
    outer loop
      vertex -2.750000e+00 2.000000e+01 -3.750000e+00
      vertex -3.346203e+00 2.000000e+01 -7.173805e-01
      vertex -3.500000e+00 2.000000e+01 9.914693e-16
    endloop
  endfacet
  facet normal 0.000000e+00 -1.000000e+00 0.000000e+00
    outer loop
      vertex -2.750000e+00 2.000000e+01 -3.750000e+00
      vertex -3.500000e+00 2.000000e+01 9.914693e-16
      vertex -4.125000e+00 2.000000e+01 -2.375000e+00
    endloop
  endfacet
  facet normal 0.000000e+00 -1.000000e+00 0.000000e+00
    outer loop
      vertex -7.500000e-01 2.000000e+01 -3.750000e+00
      vertex -8.486122e-01 2.000000e+01 -1.500000e+00
      vertex -1.542727e+00 2.000000e+01 -1.737682e+00
    endloop
  endfacet
  facet normal 0.000000e+00 -1.000000e+00 0.000000e+00
    outer loop
      vertex 0.000000e+00 2.000000e+01 3.750000e+00
      vertex -1.360588e+00 2.000000e+01 1.706124e+00
      vertex -6.588929e-01 2.000000e+01 1.368205e+00
    endloop
  endfacet
  facet normal 0.000000e+00 -1.000000e+00 0.000000e+00
    outer loop
      vertex 0.000000e+00 2.000000e+01 3.750000e+00
      vertex -6.588929e-01 2.000000e+01 1.368205e+00
      vertex -1.733045e-01 2.000000e+01 7.592965e-01
    endloop
  endfacet
  facet normal 0.000000e+00 -1.000000e+00 -0.000000e+00
    outer loop
      vertex 0.000000e+00 2.000000e+01 3.750000e+00
      vertex -1.733045e-01 2.000000e+01 7.592965e-01
      vertex 0.000000e+00 2.000000e+01 -1.982939e-15
    endloop
  endfacet
  facet normal -1.000000e+00 0.000000e+00 -7.401487e-17
    outer loop
      vertex 0.000000e+00 1.075000e+01 0.000000e+00
      vertex -1.110223e-16 5.000000e+00 1.500000e+00
      vertex 0.000000e+00 1.237500e+01 0.000000e+00
    endloop
  endfacet
  facet normal -1.000000e+00 0.000000e+00 -7.401487e-17
    outer loop
      vertex -1.110223e-16 5.000000e+00 1.500000e+00
      vertex 0.000000e+00 1.075000e+01 0.000000e+00
      vertex 0.000000e+00 3.000000e+00 0.000000e+00
    endloop
  endfacet
  facet normal -1.000000e+00 0.000000e+00 0.000000e+00
    outer loop
      vertex 0.000000e+00 8.500000e+00 2.250000e+00
      vertex 0.000000e+00 1.237500e+01 0.000000e+00
      vertex 0.000000e+00 8.500000e+00 1.500000e+00
    endloop
  endfacet
  facet normal -1.000000e+00 0.000000e+00 0.000000e+00
    outer loop
      vertex 0.000000e+00 1.237500e+01 0.000000e+00
      vertex 0.000000e+00 8.500000e+00 2.250000e+00
      vertex 0.000000e+00 8.500000e+00 3.000000e+00
    endloop
  endfacet
  facet normal -1.000000e+00 -0.000000e+00 -0.000000e+00
    outer loop
      vertex 0.000000e+00 1.075000e+01 3.000000e+00
      vertex 0.000000e+00 1.237500e+01 0.000000e+00
      vertex 0.000000e+00 8.500000e+00 3.000000e+00
    endloop
  endfacet
  facet normal -1.000000e+00 0.000000e+00 0.000000e+00
    outer loop
      vertex 0.000000e+00 1.237500e+01 0.000000e+00
      vertex 0.000000e+00 1.075000e+01 3.000000e+00
      vertex 0.000000e+00 1.225000e+01 3.000000e+00
    endloop
  endfacet
  facet normal -1.000000e+00 -2.732857e-15 2.342449e-15
    outer loop
      vertex 0.000000e+00 2.162500e+01 3.750000e+00
      vertex 0.000000e+00 2.237500e+01 4.625000e+00
      vertex -4.440892e-15 2.325000e+01 3.750000e+00
    endloop
  endfacet
  facet normal -1.000000e+00 0.000000e+00 -0.000000e+00
    outer loop
      vertex 0.000000e+00 2.150000e+01 5.500000e+00
      vertex 0.000000e+00 2.162500e+01 3.750000e+00
      vertex 0.000000e+00 2.000000e+01 3.750000e+00
    endloop
  endfacet
  facet normal -1.000000e+00 -0.000000e+00 0.000000e+00
    outer loop
      vertex 0.000000e+00 2.150000e+01 5.500000e+00
      vertex 0.000000e+00 2.000000e+01 3.750000e+00
      vertex 0.000000e+00 2.150000e+01 5.750000e+00
    endloop
  endfacet
  facet normal -1.000000e+00 -0.000000e+00 0.000000e+00
    outer loop
      vertex 0.000000e+00 2.237500e+01 4.625000e+00
      vertex 0.000000e+00 2.162500e+01 3.750000e+00
      vertex 0.000000e+00 2.150000e+01 5.500000e+00
    endloop
  endfacet
  facet normal -1.000000e+00 0.000000e+00 0.000000e+00
    outer loop
      vertex 0.000000e+00 1.600000e+01 1.150000e+01
      vertex 0.000000e+00 2.150000e+01 1.150000e+01
      vertex 0.000000e+00 1.600000e+01 6.750000e+00
    endloop
  endfacet
  facet normal -1.000000e+00 0.000000e+00 0.000000e+00
    outer loop
      vertex 0.000000e+00 1.600000e+01 6.750000e+00
      vertex 0.000000e+00 2.150000e+01 1.150000e+01
      vertex 0.000000e+00 2.150000e+01 5.750000e+00
    endloop
  endfacet
  facet normal -1.000000e+00 0.000000e+00 -0.000000e+00
    outer loop
      vertex 0.000000e+00 1.600000e+01 6.750000e+00
      vertex 0.000000e+00 2.150000e+01 5.750000e+00
      vertex 0.000000e+00 1.500000e+01 5.750000e+00
    endloop
  endfacet
  facet normal -1.000000e+00 -3.172066e-17 -3.172066e-17
    outer loop
      vertex -1.110223e-16 5.000000e+00 1.500000e+00
      vertex 0.000000e+00 3.000000e+00 0.000000e+00
      vertex 0.000000e+00 1.500000e+00 1.500000e+00
    endloop
  endfacet
  facet normal -1.000000e+00 0.000000e+00 0.000000e+00
    outer loop
      vertex 0.000000e+00 1.500000e+00 1.500000e+00
      vertex 0.000000e+00 3.000000e+00 0.000000e+00
      vertex 0.000000e+00 1.500000e+00 -4.286264e-16
    endloop
  endfacet
  facet normal -1.000000e+00 0.000000e+00 -0.000000e+00
    outer loop
      vertex 0.000000e+00 1.500000e+01 5.750000e+00
      vertex 0.000000e+00 1.850000e+01 0.000000e+00
      vertex 0.000000e+00 1.237500e+01 3.125000e+00
    endloop
  endfacet
  facet normal -1.000000e+00 0.000000e+00 0.000000e+00
    outer loop
      vertex 0.000000e+00 1.237500e+01 3.125000e+00
      vertex 0.000000e+00 1.850000e+01 0.000000e+00
      vertex 0.000000e+00 1.237500e+01 0.000000e+00
    endloop
  endfacet
  facet normal -1.000000e+00 0.000000e+00 0.000000e+00
    outer loop
      vertex 0.000000e+00 1.237500e+01 0.000000e+00
      vertex 0.000000e+00 1.225000e+01 3.000000e+00
      vertex 0.000000e+00 1.237500e+01 3.125000e+00
    endloop
  endfacet
  facet normal -1.000000e+00 0.000000e+00 -0.000000e+00
    outer loop
      vertex 0.000000e+00 2.000000e+01 3.750000e+00
      vertex 0.000000e+00 2.000000e+01 -1.982939e-15
      vertex 0.000000e+00 1.850000e+01 0.000000e+00
    endloop
  endfacet
  facet normal -1.000000e+00 -0.000000e+00 0.000000e+00
    outer loop
      vertex 0.000000e+00 2.000000e+01 3.750000e+00
      vertex 0.000000e+00 1.850000e+01 0.000000e+00
      vertex 0.000000e+00 1.500000e+01 5.750000e+00
    endloop
  endfacet
  facet normal -1.000000e+00 0.000000e+00 0.000000e+00
    outer loop
      vertex 0.000000e+00 2.000000e+01 3.750000e+00
      vertex 0.000000e+00 1.500000e+01 5.750000e+00
      vertex 0.000000e+00 2.150000e+01 5.750000e+00
    endloop
  endfacet
  facet normal -1.000000e+00 3.172066e-17 8.194503e-17
    outer loop
      vertex 0.000000e+00 1.237500e+01 0.000000e+00
      vertex -1.110223e-16 5.000000e+00 1.500000e+00
      vertex 0.000000e+00 8.500000e+00 1.500000e+00
    endloop
  endfacet
  facet normal 0.000000e+00 0.000000e+00 1.000000e+00
    outer loop
      vertex 6.500000e+00 8.500000e+00 1.500000e+00
      vertex 3.250000e+00 8.500000e+00 1.500000e+00
      vertex 6.500000e+00 5.000000e+00 1.500000e+00
    endloop
  endfacet
  facet normal 0.000000e+00 0.000000e+00 1.000000e+00
    outer loop
      vertex 6.500000e+00 5.000000e+00 1.500000e+00
      vertex 3.250000e+00 8.500000e+00 1.500000e+00
      vertex 3.250000e+00 5.000000e+00 1.500000e+00
    endloop
  endfacet
  facet normal 0.000000e+00 0.000000e+00 1.000000e+00
    outer loop
      vertex 6.500000e+00 5.000000e+00 1.500000e+00
      vertex 3.250000e+00 5.000000e+00 1.500000e+00
      vertex 6.500000e+00 1.500000e+00 1.500000e+00
    endloop
  endfacet
  facet normal 0.000000e+00 0.000000e+00 1.000000e+00
    outer loop
      vertex 6.500000e+00 1.500000e+00 1.500000e+00
      vertex 3.250000e+00 5.000000e+00 1.500000e+00
      vertex 3.250000e+00 1.500000e+00 1.500000e+00
    endloop
  endfacet
  facet normal 0.000000e+00 0.000000e+00 1.000000e+00
    outer loop
      vertex 3.250000e+00 8.500000e+00 1.500000e+00
      vertex 0.000000e+00 8.500000e+00 1.500000e+00
      vertex 3.250000e+00 5.000000e+00 1.500000e+00
    endloop
  endfacet
  facet normal 0.000000e+00 0.000000e+00 1.000000e+00
    outer loop
      vertex 3.250000e+00 5.000000e+00 1.500000e+00
      vertex 0.000000e+00 8.500000e+00 1.500000e+00
      vertex -1.110223e-16 5.000000e+00 1.500000e+00
    endloop
  endfacet
  facet normal 0.000000e+00 0.000000e+00 1.000000e+00
    outer loop
      vertex 3.250000e+00 5.000000e+00 1.500000e+00
      vertex -1.110223e-16 5.000000e+00 1.500000e+00
      vertex 3.250000e+00 1.500000e+00 1.500000e+00
    endloop
  endfacet
  facet normal 0.000000e+00 0.000000e+00 1.000000e+00
    outer loop
      vertex 3.250000e+00 1.500000e+00 1.500000e+00
      vertex -1.110223e-16 5.000000e+00 1.500000e+00
      vertex 0.000000e+00 1.500000e+00 1.500000e+00
    endloop
  endfacet
  facet normal -0.000000e+00 -1.000000e+00 -0.000000e+00
    outer loop
      vertex 6.500000e+00 8.500000e+00 3.000000e+00
      vertex 3.250000e+00 8.500000e+00 3.000000e+00
      vertex 6.500000e+00 8.500000e+00 2.250000e+00
    endloop
  endfacet
  facet normal 0.000000e+00 -1.000000e+00 0.000000e+00
    outer loop
      vertex 6.500000e+00 8.500000e+00 2.250000e+00
      vertex 3.250000e+00 8.500000e+00 3.000000e+00
      vertex 3.250000e+00 8.500000e+00 2.250000e+00
    endloop
  endfacet
  facet normal -0.000000e+00 -1.000000e+00 -0.000000e+00
    outer loop
      vertex 6.500000e+00 8.500000e+00 2.250000e+00
      vertex 3.250000e+00 8.500000e+00 2.250000e+00
      vertex 6.500000e+00 8.500000e+00 1.500000e+00
    endloop
  endfacet
  facet normal 0.000000e+00 -1.000000e+00 0.000000e+00
    outer loop
      vertex 6.500000e+00 8.500000e+00 1.500000e+00
      vertex 3.250000e+00 8.500000e+00 2.250000e+00
      vertex 3.250000e+00 8.500000e+00 1.500000e+00
    endloop
  endfacet
  facet normal -0.000000e+00 -1.000000e+00 -0.000000e+00
    outer loop
      vertex 3.250000e+00 8.500000e+00 3.000000e+00
      vertex 0.000000e+00 8.500000e+00 3.000000e+00
      vertex 3.250000e+00 8.500000e+00 2.250000e+00
    endloop
  endfacet
  facet normal 0.000000e+00 -1.000000e+00 0.000000e+00
    outer loop
      vertex 3.250000e+00 8.500000e+00 2.250000e+00
      vertex 0.000000e+00 8.500000e+00 3.000000e+00
      vertex 0.000000e+00 8.500000e+00 2.250000e+00
    endloop
  endfacet
  facet normal -0.000000e+00 -1.000000e+00 -0.000000e+00
    outer loop
      vertex 3.250000e+00 8.500000e+00 2.250000e+00
      vertex 0.000000e+00 8.500000e+00 2.250000e+00
      vertex 3.250000e+00 8.500000e+00 1.500000e+00
    endloop
  endfacet
  facet normal 0.000000e+00 -1.000000e+00 0.000000e+00
    outer loop
      vertex 3.250000e+00 8.500000e+00 1.500000e+00
      vertex 0.000000e+00 8.500000e+00 2.250000e+00
      vertex 0.000000e+00 8.500000e+00 1.500000e+00
    endloop
  endfacet
  facet normal -1.000000e+00 0.000000e+00 0.000000e+00
    outer loop
      vertex 6.500000e+00 1.500000e+00 3.000000e+00
      vertex 6.500000e+00 5.000000e+00 3.000000e+00
      vertex 6.500000e+00 1.500000e+00 2.250000e+00
    endloop
  endfacet
  facet normal -1.000000e+00 0.000000e+00 0.000000e+00
    outer loop
      vertex 6.500000e+00 1.500000e+00 2.250000e+00
      vertex 6.500000e+00 5.000000e+00 3.000000e+00
      vertex 6.500000e+00 5.000000e+00 2.250000e+00
    endloop
  endfacet
  facet normal -1.000000e+00 0.000000e+00 0.000000e+00
    outer loop
      vertex 6.500000e+00 1.500000e+00 2.250000e+00
      vertex 6.500000e+00 5.000000e+00 2.250000e+00
      vertex 6.500000e+00 1.500000e+00 1.500000e+00
    endloop
  endfacet
  facet normal -1.000000e+00 0.000000e+00 0.000000e+00
    outer loop
      vertex 6.500000e+00 1.500000e+00 1.500000e+00
      vertex 6.500000e+00 5.000000e+00 2.250000e+00
      vertex 6.500000e+00 5.000000e+00 1.500000e+00
    endloop
  endfacet
  facet normal -1.000000e+00 0.000000e+00 0.000000e+00
    outer loop
      vertex 6.500000e+00 5.000000e+00 3.000000e+00
      vertex 6.500000e+00 8.500000e+00 3.000000e+00
      vertex 6.500000e+00 5.000000e+00 2.250000e+00
    endloop
  endfacet
  facet normal -1.000000e+00 0.000000e+00 0.000000e+00
    outer loop
      vertex 6.500000e+00 5.000000e+00 2.250000e+00
      vertex 6.500000e+00 8.500000e+00 3.000000e+00
      vertex 6.500000e+00 8.500000e+00 2.250000e+00
    endloop
  endfacet
  facet normal -1.000000e+00 0.000000e+00 0.000000e+00
    outer loop
      vertex 6.500000e+00 5.000000e+00 2.250000e+00
      vertex 6.500000e+00 8.500000e+00 2.250000e+00
      vertex 6.500000e+00 5.000000e+00 1.500000e+00
    endloop
  endfacet
  facet normal -1.000000e+00 0.000000e+00 0.000000e+00
    outer loop
      vertex 6.500000e+00 5.000000e+00 1.500000e+00
      vertex 6.500000e+00 8.500000e+00 2.250000e+00
      vertex 6.500000e+00 8.500000e+00 1.500000e+00
    endloop
  endfacet
  facet normal 0.000000e+00 0.000000e+00 1.000000e+00
    outer loop
      vertex 6.500000e+00 5.000000e+00 3.000000e+00
      vertex 7.250000e+00 1.500000e+00 3.000000e+00
      vertex 1.000000e+01 1.500000e+00 3.000000e+00
    endloop
  endfacet
  facet normal 0.000000e+00 0.000000e+00 1.000000e+00
    outer loop
      vertex 6.500000e+00 5.000000e+00 3.000000e+00
      vertex 1.000000e+01 1.075000e+01 3.000000e+00
      vertex 6.500000e+00 8.500000e+00 3.000000e+00
    endloop
  endfacet
  facet normal 0.000000e+00 0.000000e+00 1.000000e+00
    outer loop
      vertex 1.000000e+01 1.075000e+01 3.000000e+00
      vertex 6.500000e+00 5.000000e+00 3.000000e+00
      vertex 1.000000e+01 1.500000e+00 3.000000e+00
    endloop
  endfacet
  facet normal 0.000000e+00 0.000000e+00 1.000000e+00
    outer loop
      vertex 7.250000e+00 1.500000e+00 3.000000e+00
      vertex 6.500000e+00 5.000000e+00 3.000000e+00
      vertex 6.500000e+00 1.500000e+00 3.000000e+00
    endloop
  endfacet
  facet normal 0.000000e+00 0.000000e+00 1.000000e+00
    outer loop
      vertex 3.250000e+00 8.500000e+00 3.000000e+00
      vertex 0.000000e+00 1.075000e+01 3.000000e+00
      vertex 0.000000e+00 8.500000e+00 3.000000e+00
    endloop
  endfacet
  facet normal -0.000000e+00 0.000000e+00 1.000000e+00
    outer loop
      vertex 0.000000e+00 1.075000e+01 3.000000e+00
      vertex 3.250000e+00 8.500000e+00 3.000000e+00
      vertex 1.000000e+01 1.075000e+01 3.000000e+00
    endloop
  endfacet
  facet normal 0.000000e+00 0.000000e+00 1.000000e+00
    outer loop
      vertex 1.000000e+01 1.075000e+01 3.000000e+00
      vertex 3.250000e+00 8.500000e+00 3.000000e+00
      vertex 6.500000e+00 8.500000e+00 3.000000e+00
    endloop
  endfacet
  facet normal 0.000000e+00 0.000000e+00 1.000000e+00
    outer loop
      vertex 1.500000e+00 1.612500e+01 3.000000e+00
      vertex 1.000000e+01 2.000000e+01 3.000000e+00
      vertex 1.500000e+00 2.000000e+01 3.000000e+00
    endloop
  endfacet
  facet normal 0.000000e+00 0.000000e+00 1.000000e+00
    outer loop
      vertex 1.000000e+01 2.000000e+01 3.000000e+00
      vertex 1.500000e+00 1.612500e+01 3.000000e+00
      vertex 1.000000e+01 1.075000e+01 3.000000e+00
    endloop
  endfacet
  facet normal 0.000000e+00 0.000000e+00 1.000000e+00
    outer loop
      vertex 1.000000e+01 1.075000e+01 3.000000e+00
      vertex 1.500000e+00 1.612500e+01 3.000000e+00
      vertex 1.500000e+00 1.225000e+01 3.000000e+00
    endloop
  endfacet
  facet normal -0.000000e+00 0.000000e+00 1.000000e+00
    outer loop
      vertex 1.075000e+01 2.000000e+01 3.000000e+00
      vertex 2.000000e+01 1.075000e+01 3.000000e+00
      vertex 2.000000e+01 2.000000e+01 3.000000e+00
    endloop
  endfacet
  facet normal 0.000000e+00 0.000000e+00 1.000000e+00
    outer loop
      vertex 2.000000e+01 1.075000e+01 3.000000e+00
      vertex 1.075000e+01 2.000000e+01 3.000000e+00
      vertex 1.000000e+01 1.075000e+01 3.000000e+00
    endloop
  endfacet
  facet normal 0.000000e+00 0.000000e+00 1.000000e+00
    outer loop
      vertex 1.000000e+01 1.075000e+01 3.000000e+00
      vertex 1.075000e+01 2.000000e+01 3.000000e+00
      vertex 1.000000e+01 2.000000e+01 3.000000e+00
    endloop
  endfacet
  facet normal 0.000000e+00 0.000000e+00 1.000000e+00
    outer loop
      vertex 2.000000e+01 1.075000e+01 3.000000e+00
      vertex 1.000000e+01 1.075000e+01 3.000000e+00
      vertex 2.000000e+01 1.500000e+00 3.000000e+00
    endloop
  endfacet
  facet normal 0.000000e+00 0.000000e+00 1.000000e+00
    outer loop
      vertex 2.000000e+01 1.500000e+00 3.000000e+00
      vertex 1.000000e+01 1.075000e+01 3.000000e+00
      vertex 1.000000e+01 1.500000e+00 3.000000e+00
    endloop
  endfacet
  facet normal 0.000000e+00 0.000000e+00 1.000000e+00
    outer loop
      vertex 1.000000e+01 1.075000e+01 3.000000e+00
      vertex 1.500000e+00 1.225000e+01 3.000000e+00
      vertex 0.000000e+00 1.075000e+01 3.000000e+00
    endloop
  endfacet
  facet normal 0.000000e+00 0.000000e+00 1.000000e+00
    outer loop
      vertex 0.000000e+00 1.075000e+01 3.000000e+00
      vertex 1.500000e+00 1.225000e+01 3.000000e+00
      vertex 0.000000e+00 1.225000e+01 3.000000e+00
    endloop
  endfacet
  facet normal 0.000000e+00 -7.071068e-01 7.071068e-01
    outer loop
      vertex 3.612437e+00 -8.750000e-01 4.625000e+00
      vertex 3.974874e+00 0.000000e+00 5.500000e+00
      vertex 1.987437e+00 -8.750000e-01 4.625000e+00
    endloop
  endfacet
  facet normal 0.000000e+00 -7.071068e-01 7.071068e-01
    outer loop
      vertex 1.987437e+00 -8.750000e-01 4.625000e+00
      vertex 3.974874e+00 0.000000e+00 5.500000e+00
      vertex 1.987437e+00 0.000000e+00 5.500000e+00
    endloop
  endfacet
  facet normal 0.000000e+00 -7.071068e-01 7.071068e-01
    outer loop
      vertex 1.987437e+00 -8.750000e-01 4.625000e+00
      vertex 1.987437e+00 0.000000e+00 5.500000e+00
      vertex 0.000000e+00 -8.750000e-01 4.625000e+00
    endloop
  endfacet
  facet normal 0.000000e+00 -7.071068e-01 7.071068e-01
    outer loop
      vertex 0.000000e+00 -8.750000e-01 4.625000e+00
      vertex 1.987437e+00 0.000000e+00 5.500000e+00
      vertex 0.000000e+00 0.000000e+00 5.500000e+00
    endloop
  endfacet
  facet normal 0.000000e+00 -7.071068e-01 7.071068e-01
    outer loop
      vertex 1.987437e+00 -8.750000e-01 4.625000e+00
      vertex 1.987437e+00 -1.750000e+00 3.750000e+00
      vertex 3.612437e+00 -8.750000e-01 4.625000e+00
    endloop
  endfacet
  facet normal 0.000000e+00 -7.071068e-01 7.071068e-01
    outer loop
      vertex 3.612437e+00 -8.750000e-01 4.625000e+00
      vertex 1.987437e+00 -1.750000e+00 3.750000e+00
      vertex 3.250000e+00 -1.750000e+00 3.750000e+00
    endloop
  endfacet
  facet normal 0.000000e+00 -7.071068e-01 7.071068e-01
    outer loop
      vertex 1.987437e+00 -1.750000e+00 3.750000e+00
      vertex 1.987437e+00 -8.750000e-01 4.625000e+00
      vertex 4.292412e-01 -1.750000e+00 3.750000e+00
    endloop
  endfacet
  facet normal 0.000000e+00 -7.071068e-01 7.071068e-01
    outer loop
      vertex 4.292412e-01 -1.750000e+00 3.750000e+00
      vertex 1.987437e+00 -8.750000e-01 4.625000e+00
      vertex 0.000000e+00 -8.750000e-01 4.625000e+00
    endloop
  endfacet
  facet normal 0.000000e+00 -7.071068e-01 7.071068e-01
    outer loop
      vertex 4.292412e-01 -1.750000e+00 3.750000e+00
      vertex 0.000000e+00 -8.750000e-01 4.625000e+00
      vertex 0.000000e+00 -1.750000e+00 3.750000e+00
    endloop
  endfacet
  facet normal 4.999997e-01 -7.071071e-01 4.999997e-01
    outer loop
      vertex 6.459102e+00 -1.649380e+00 6.831957e-01
      vertex 4.804241e+00 -1.750000e+00 2.195759e+00
      vertex 6.358482e+00 -1.750000e+00 6.415176e-01
    endloop
  endfacet
  facet normal 5.000000e-01 -7.071068e-01 5.000000e-01
    outer loop
      vertex 4.804241e+00 -1.750000e+00 2.195759e+00
      vertex 6.459102e+00 -1.649380e+00 6.831957e-01
      vertex 5.422960e+00 -8.750000e-01 2.814477e+00
    endloop
  endfacet
  facet normal 5.000001e-01 -7.071067e-01 5.000001e-01
    outer loop
      vertex 5.422960e+00 -8.750000e-01 2.814477e+00
      vertex 6.459102e+00 -1.649380e+00 6.831957e-01
      vertex 7.233482e+00 -8.750000e-01 1.003955e+00
    endloop
  endfacet
  facet normal 5.000000e-01 -7.071068e-01 5.000001e-01
    outer loop
      vertex 3.612437e+00 -8.750000e-01 4.625000e+00
      vertex 3.250000e+00 -1.750000e+00 3.750000e+00
      vertex 5.422960e+00 -8.750000e-01 2.814477e+00
    endloop
  endfacet
  facet normal 5.000000e-01 -7.071068e-01 5.000000e-01
    outer loop
      vertex 5.422960e+00 -8.750000e-01 2.814477e+00
      vertex 3.250000e+00 -1.750000e+00 3.750000e+00
      vertex 4.804241e+00 -1.750000e+00 2.195759e+00
    endloop
  endfacet
  facet normal 5.000000e-01 -7.071068e-01 4.999999e-01
    outer loop
      vertex 3.974874e+00 0.000000e+00 5.500000e+00
      vertex 3.612437e+00 -8.750000e-01 4.625000e+00
      vertex 6.041678e+00 0.000000e+00 3.433196e+00
    endloop
  endfacet
  facet normal 5.000001e-01 -7.071067e-01 5.000001e-01
    outer loop
      vertex 6.041678e+00 0.000000e+00 3.433196e+00
      vertex 3.612437e+00 -8.750000e-01 4.625000e+00
      vertex 5.422960e+00 -8.750000e-01 2.814477e+00
    endloop
  endfacet
  facet normal 5.000001e-01 -7.071066e-01 5.000001e-01
    outer loop
      vertex 6.041678e+00 0.000000e+00 3.433196e+00
      vertex 5.422960e+00 -8.750000e-01 2.814477e+00
      vertex 8.108482e+00 0.000000e+00 1.366391e+00
    endloop
  endfacet
  facet normal 5.000000e-01 -7.071068e-01 5.000000e-01
    outer loop
      vertex 8.108482e+00 0.000000e+00 1.366391e+00
      vertex 5.422960e+00 -8.750000e-01 2.814477e+00
      vertex 7.233482e+00 -8.750000e-01 1.003955e+00
    endloop
  endfacet
  facet normal 7.071069e-01 -7.071067e-01 0.000000e+00
    outer loop
      vertex 6.459102e+00 -1.649380e+00 6.831957e-01
      vertex 7.233482e+00 -8.750000e-01 6.831957e-01
      vertex 7.233482e+00 -8.750000e-01 1.003955e+00
    endloop
  endfacet
  facet normal 7.071068e-01 -7.071068e-01 0.000000e+00
    outer loop
      vertex 6.358482e+00 -1.750000e+00 0.000000e+00
      vertex 7.233482e+00 -8.750000e-01 0.000000e+00
      vertex 6.358482e+00 -1.750000e+00 6.415176e-01
    endloop
  endfacet
  facet normal 7.071068e-01 -7.071068e-01 0.000000e+00
    outer loop
      vertex 6.358482e+00 -1.750000e+00 6.415176e-01
      vertex 7.233482e+00 -8.750000e-01 0.000000e+00
      vertex 7.233482e+00 -8.750000e-01 6.831957e-01
    endloop
  endfacet
  facet normal 7.071068e-01 -7.071068e-01 -2.285290e-06
    outer loop
      vertex 6.358482e+00 -1.750000e+00 6.415176e-01
      vertex 7.233482e+00 -8.750000e-01 6.831957e-01
      vertex 6.459102e+00 -1.649380e+00 6.831957e-01
    endloop
  endfacet
  facet normal 7.071068e-01 -7.071068e-01 0.000000e+00
    outer loop
      vertex 7.233482e+00 -8.750000e-01 1.003955e+00
      vertex 7.233482e+00 -8.750000e-01 6.831957e-01
      vertex 8.108482e+00 0.000000e+00 1.366391e+00
    endloop
  endfacet
  facet normal 7.071068e-01 -7.071068e-01 0.000000e+00
    outer loop
      vertex 8.108482e+00 0.000000e+00 1.366391e+00
      vertex 7.233482e+00 -8.750000e-01 6.831957e-01
      vertex 8.108482e+00 0.000000e+00 6.831957e-01
    endloop
  endfacet
  facet normal 7.071068e-01 -7.071068e-01 0.000000e+00
    outer loop
      vertex 7.233482e+00 -8.750000e-01 0.000000e+00
      vertex 8.108482e+00 0.000000e+00 0.000000e+00
      vertex 7.233482e+00 -8.750000e-01 6.831957e-01
    endloop
  endfacet
  facet normal 7.071068e-01 -7.071068e-01 0.000000e+00
    outer loop
      vertex 7.233482e+00 -8.750000e-01 6.831957e-01
      vertex 8.108482e+00 0.000000e+00 0.000000e+00
      vertex 8.108482e+00 0.000000e+00 6.831957e-01
    endloop
  endfacet
  facet normal 0.000000e+00 -1.000000e+00 0.000000e+00
    outer loop
      vertex 1.987437e+00 -1.750000e+00 3.750000e+00
      vertex 4.804241e+00 -1.750000e+00 2.195759e+00
      vertex 3.250000e+00 -1.750000e+00 3.750000e+00
    endloop
  endfacet
  facet normal -0.000000e+00 -1.000000e+00 -0.000000e+00
    outer loop
      vertex 4.804241e+00 -1.750000e+00 2.195759e+00
      vertex 1.987437e+00 -1.750000e+00 3.750000e+00
      vertex 6.358482e+00 -1.750000e+00 6.415176e-01
    endloop
  endfacet
  facet normal -0.000000e+00 -1.000000e+00 0.000000e+00
    outer loop
      vertex 6.358482e+00 -1.750000e+00 6.415176e-01
      vertex 1.987437e+00 -1.750000e+00 3.750000e+00
      vertex 4.292412e-01 -1.750000e+00 0.000000e+00
    endloop
  endfacet
  facet normal 0.000000e+00 -1.000000e+00 0.000000e+00
    outer loop
      vertex 4.292412e-01 -1.750000e+00 0.000000e+00
      vertex 1.987437e+00 -1.750000e+00 3.750000e+00
      vertex 4.292412e-01 -1.750000e+00 3.750000e+00
    endloop
  endfacet
  facet normal 0.000000e+00 -1.000000e+00 -0.000000e+00
    outer loop
      vertex -3.750000e-01 -1.750000e+00 3.750000e+00
      vertex -1.360588e+00 -1.750000e+00 1.706124e+00
      vertex 0.000000e+00 -1.750000e+00 3.750000e+00
    endloop
  endfacet
  facet normal 0.000000e+00 -1.000000e+00 0.000000e+00
    outer loop
      vertex -1.360588e+00 -1.750000e+00 1.706124e+00
      vertex -3.750000e-01 -1.750000e+00 3.750000e+00
      vertex -7.500000e-01 -1.750000e+00 3.750000e+00
    endloop
  endfacet
  facet normal 0.000000e+00 -1.000000e+00 0.000000e+00
    outer loop
      vertex -1.750000e+00 -1.750000e+00 1.750000e+00
      vertex -1.750000e+00 -1.750000e+00 3.750000e+00
      vertex -2.750000e+00 -1.750000e+00 3.750000e+00
    endloop
  endfacet
  facet normal 0.000000e+00 -1.000000e+00 0.000000e+00
    outer loop
      vertex -4.125000e+00 -1.750000e+00 2.375000e+00
      vertex -2.139412e+00 -1.750000e+00 1.706124e+00
      vertex -2.750000e+00 -1.750000e+00 3.750000e+00
    endloop
  endfacet
  facet normal -0.000000e+00 -1.000000e+00 0.000000e+00
    outer loop
      vertex -2.139412e+00 -1.750000e+00 1.706124e+00
      vertex -4.125000e+00 -1.750000e+00 2.375000e+00
      vertex -5.500000e+00 -1.750000e+00 1.000000e+00
    endloop
  endfacet
  facet normal 0.000000e+00 -1.000000e+00 0.000000e+00
    outer loop
      vertex -4.125000e+00 -1.750000e+00 -2.375000e+00
      vertex -3.326695e+00 -1.750000e+00 -7.592965e-01
      vertex -5.500000e+00 -1.750000e+00 -1.000000e+00
    endloop
  endfacet
  facet normal 0.000000e+00 -1.000000e+00 -0.000000e+00
    outer loop
      vertex -3.326695e+00 -1.750000e+00 -7.592965e-01
      vertex -4.125000e+00 -1.750000e+00 -2.375000e+00
      vertex -2.750000e+00 -1.750000e+00 -3.750000e+00
    endloop
  endfacet
  facet normal 0.000000e+00 -1.000000e+00 0.000000e+00
    outer loop
      vertex -1.750000e+00 -1.750000e+00 -3.750000e+00
      vertex 4.292412e-01 -1.750000e+00 -2.570759e+00
      vertex -2.750000e+00 -1.750000e+00 -3.750000e+00
    endloop
  endfacet
  facet normal 0.000000e+00 -1.000000e+00 0.000000e+00
    outer loop
      vertex 4.292412e-01 -1.750000e+00 -2.570759e+00
      vertex -1.750000e+00 -1.750000e+00 -3.750000e+00
      vertex -7.500000e-01 -1.750000e+00 -3.750000e+00
    endloop
  endfacet
  facet normal -0.000000e+00 -1.000000e+00 0.000000e+00
    outer loop
      vertex 6.250000e-01 -1.750000e+00 -2.375000e+00
      vertex 2.000000e+00 -1.750000e+00 -5.000000e-01
      vertex 4.292412e-01 -1.750000e+00 -2.570759e+00
    endloop
  endfacet
  facet normal 0.000000e+00 -1.000000e+00 -0.000000e+00
    outer loop
      vertex 2.000000e+00 -1.750000e+00 -5.000000e-01
      vertex 6.250000e-01 -1.750000e+00 -2.375000e+00
      vertex 2.000000e+00 -1.750000e+00 -1.000000e+00
    endloop
  endfacet
  facet normal -0.000000e+00 -1.000000e+00 0.000000e+00
    outer loop
      vertex -1.750000e+00 -1.750000e+00 1.750000e+00
      vertex -2.750000e+00 -1.750000e+00 3.750000e+00
      vertex -2.139412e+00 -1.750000e+00 1.706124e+00
    endloop
  endfacet
  facet normal 0.000000e+00 -1.000000e+00 0.000000e+00
    outer loop
      vertex -1.750000e+00 -1.750000e+00 3.750000e+00
      vertex -1.750000e+00 -1.750000e+00 1.750000e+00
      vertex -7.500000e-01 -1.750000e+00 3.750000e+00
    endloop
  endfacet
  facet normal 0.000000e+00 -1.000000e+00 0.000000e+00
    outer loop
      vertex -7.500000e-01 -1.750000e+00 3.750000e+00
      vertex -1.750000e+00 -1.750000e+00 1.750000e+00
      vertex -1.360588e+00 -1.750000e+00 1.706124e+00
    endloop
  endfacet
  facet normal 0.000000e+00 -1.000000e+00 0.000000e+00
    outer loop
      vertex 2.000000e+00 -1.750000e+00 0.000000e+00
      vertex 6.358482e+00 -1.750000e+00 0.000000e+00
      vertex 6.358482e+00 -1.750000e+00 6.415176e-01
    endloop
  endfacet
  facet normal 0.000000e+00 -1.000000e+00 0.000000e+00
    outer loop
      vertex 0.000000e+00 -1.750000e+00 0.000000e+00
      vertex 4.292412e-01 -1.750000e+00 0.000000e+00
      vertex -1.733045e-01 -1.750000e+00 7.592965e-01
    endloop
  endfacet
  facet normal 0.000000e+00 -1.000000e+00 0.000000e+00
    outer loop
      vertex 6.358482e+00 -1.750000e+00 6.415176e-01
      vertex 4.292412e-01 -1.750000e+00 0.000000e+00
      vertex 2.000000e+00 -1.750000e+00 0.000000e+00
    endloop
  endfacet
  facet normal 0.000000e+00 -1.000000e+00 0.000000e+00
    outer loop
      vertex -5.500000e+00 -1.750000e+00 -1.000000e+00
      vertex -3.326695e+00 -1.750000e+00 -7.592965e-01
      vertex -5.500000e+00 -1.750000e+00 0.000000e+00
    endloop
  endfacet
  facet normal 0.000000e+00 -1.000000e+00 0.000000e+00
    outer loop
      vertex -5.500000e+00 -1.750000e+00 0.000000e+00
      vertex -3.326695e+00 -1.750000e+00 -7.592965e-01
      vertex -3.500000e+00 -1.750000e+00 2.143132e-16
    endloop
  endfacet
  facet normal 0.000000e+00 -1.000000e+00 0.000000e+00
    outer loop
      vertex -5.500000e+00 -1.750000e+00 1.000000e+00
      vertex -5.500000e+00 -1.750000e+00 0.000000e+00
      vertex -3.500000e+00 -1.750000e+00 2.143132e-16
    endloop
  endfacet
  facet normal 0.000000e+00 -1.000000e+00 0.000000e+00
    outer loop
      vertex -5.500000e+00 -1.750000e+00 1.000000e+00
      vertex -3.500000e+00 -1.750000e+00 2.143132e-16
      vertex -3.326695e+00 -1.750000e+00 7.592965e-01
    endloop
  endfacet
  facet normal 0.000000e+00 -1.000000e+00 0.000000e+00
    outer loop
      vertex -5.500000e+00 -1.750000e+00 1.000000e+00
      vertex -3.326695e+00 -1.750000e+00 7.592965e-01
      vertex -2.841107e+00 -1.750000e+00 1.368205e+00
    endloop
  endfacet
  facet normal 0.000000e+00 -1.000000e+00 0.000000e+00
    outer loop
      vertex -5.500000e+00 -1.750000e+00 1.000000e+00
      vertex -2.841107e+00 -1.750000e+00 1.368205e+00
      vertex -2.139412e+00 -1.750000e+00 1.706124e+00
    endloop
  endfacet
  facet normal 0.000000e+00 -1.000000e+00 0.000000e+00
    outer loop
      vertex -2.750000e+00 -1.750000e+00 -3.750000e+00
      vertex 4.292412e-01 -1.750000e+00 -2.570759e+00
      vertex -1.750000e+00 -1.750000e+00 -1.750000e+00
    endloop
  endfacet
  facet normal 0.000000e+00 -1.000000e+00 0.000000e+00
    outer loop
      vertex -2.750000e+00 -1.750000e+00 -3.750000e+00
      vertex -1.750000e+00 -1.750000e+00 -1.750000e+00
      vertex -2.139412e+00 -1.750000e+00 -1.706124e+00
    endloop
  endfacet
  facet normal 0.000000e+00 -1.000000e+00 0.000000e+00
    outer loop
      vertex -2.750000e+00 -1.750000e+00 -3.750000e+00
      vertex -2.139412e+00 -1.750000e+00 -1.706124e+00
      vertex -2.841107e+00 -1.750000e+00 -1.368205e+00
    endloop
  endfacet
  facet normal 0.000000e+00 -1.000000e+00 0.000000e+00
    outer loop
      vertex -2.750000e+00 -1.750000e+00 -3.750000e+00
      vertex -2.841107e+00 -1.750000e+00 -1.368205e+00
      vertex -3.326695e+00 -1.750000e+00 -7.592965e-01
    endloop
  endfacet
  facet normal 0.000000e+00 -1.000000e+00 0.000000e+00
    outer loop
      vertex 4.292412e-01 -1.750000e+00 -2.570759e+00
      vertex 2.000000e+00 -1.750000e+00 -5.000000e-01
      vertex 2.000000e+00 -1.750000e+00 0.000000e+00
    endloop
  endfacet
  facet normal 0.000000e+00 -1.000000e+00 0.000000e+00
    outer loop
      vertex 4.292412e-01 -1.750000e+00 -2.570759e+00
      vertex 2.000000e+00 -1.750000e+00 0.000000e+00
      vertex 4.292412e-01 -1.750000e+00 0.000000e+00
    endloop
  endfacet
  facet normal -0.000000e+00 -1.000000e+00 0.000000e+00
    outer loop
      vertex 4.292412e-01 -1.750000e+00 3.750000e+00
      vertex 0.000000e+00 -1.750000e+00 3.750000e+00
      vertex -1.360588e+00 -1.750000e+00 1.706124e+00
    endloop
  endfacet
  facet normal 0.000000e+00 -1.000000e+00 0.000000e+00
    outer loop
      vertex 4.292412e-01 -1.750000e+00 3.750000e+00
      vertex -1.360588e+00 -1.750000e+00 1.706124e+00
      vertex -6.588929e-01 -1.750000e+00 1.368205e+00
    endloop
  endfacet
  facet normal 0.000000e+00 -1.000000e+00 0.000000e+00
    outer loop
      vertex 4.292412e-01 -1.750000e+00 3.750000e+00
      vertex -6.588929e-01 -1.750000e+00 1.368205e+00
      vertex -1.733045e-01 -1.750000e+00 7.592965e-01
    endloop
  endfacet
  facet normal 0.000000e+00 -1.000000e+00 -0.000000e+00
    outer loop
      vertex 4.292412e-01 -1.750000e+00 3.750000e+00
      vertex -1.733045e-01 -1.750000e+00 7.592965e-01
      vertex 4.292412e-01 -1.750000e+00 0.000000e+00
    endloop
  endfacet
  facet normal 0.000000e+00 -1.000000e+00 0.000000e+00
    outer loop
      vertex 4.292412e-01 -1.750000e+00 -2.570759e+00
      vertex 4.292412e-01 -1.750000e+00 0.000000e+00
      vertex 0.000000e+00 -1.750000e+00 0.000000e+00
    endloop
  endfacet
  facet normal 0.000000e+00 -1.000000e+00 0.000000e+00
    outer loop
      vertex 4.292412e-01 -1.750000e+00 -2.570759e+00
      vertex 0.000000e+00 -1.750000e+00 0.000000e+00
      vertex -1.733045e-01 -1.750000e+00 -7.592965e-01
    endloop
  endfacet
  facet normal 0.000000e+00 -1.000000e+00 0.000000e+00
    outer loop
      vertex 4.292412e-01 -1.750000e+00 -2.570759e+00
      vertex -1.733045e-01 -1.750000e+00 -7.592965e-01
      vertex -6.588929e-01 -1.750000e+00 -1.368205e+00
    endloop
  endfacet
  facet normal 0.000000e+00 -1.000000e+00 0.000000e+00
    outer loop
      vertex 4.292412e-01 -1.750000e+00 -2.570759e+00
      vertex -6.588929e-01 -1.750000e+00 -1.368205e+00
      vertex -1.360588e+00 -1.750000e+00 -1.706124e+00
    endloop
  endfacet
  facet normal 0.000000e+00 -1.000000e+00 0.000000e+00
    outer loop
      vertex 4.292412e-01 -1.750000e+00 -2.570759e+00
      vertex -1.360588e+00 -1.750000e+00 -1.706124e+00
      vertex -1.750000e+00 -1.750000e+00 -1.750000e+00
    endloop
  endfacet
  facet normal 1.000000e+00 0.000000e+00 0.000000e+00
    outer loop
      vertex 2.150000e+01 1.075000e+01 0.000000e+00
      vertex 2.150000e+01 2.150000e+01 0.000000e+00
      vertex 2.150000e+01 1.075000e+01 5.750000e+00
    endloop
  endfacet
  facet normal 1.000000e+00 -0.000000e+00 0.000000e+00
    outer loop
      vertex 2.150000e+01 1.075000e+01 5.750000e+00
      vertex 2.150000e+01 2.150000e+01 0.000000e+00
      vertex 2.150000e+01 2.150000e+01 5.750000e+00
    endloop
  endfacet
  facet normal 1.000000e+00 0.000000e+00 0.000000e+00
    outer loop
      vertex 2.150000e+01 1.075000e+01 1.150000e+01
      vertex 2.150000e+01 5.750000e+00 1.150000e+01
      vertex 2.150000e+01 1.075000e+01 5.750000e+00
    endloop
  endfacet
  facet normal 1.000000e+00 0.000000e+00 0.000000e+00
    outer loop
      vertex 2.150000e+01 1.075000e+01 5.750000e+00
      vertex 2.150000e+01 5.750000e+00 1.150000e+01
      vertex 2.150000e+01 4.250000e+00 1.000000e+01
    endloop
  endfacet
  facet normal 1.000000e+00 0.000000e+00 0.000000e+00
    outer loop
      vertex 2.150000e+01 1.075000e+01 5.750000e+00
      vertex 2.150000e+01 4.250000e+00 1.000000e+01
      vertex 2.150000e+01 0.000000e+00 5.750000e+00
    endloop
  endfacet
  facet normal 1.000000e+00 0.000000e+00 0.000000e+00
    outer loop
      vertex 2.150000e+01 0.000000e+00 5.750000e+00
      vertex 2.150000e+01 4.250000e+00 1.000000e+01
      vertex 2.150000e+01 0.000000e+00 1.000000e+01
    endloop
  endfacet
  facet normal 1.000000e+00 0.000000e+00 0.000000e+00
    outer loop
      vertex 2.150000e+01 0.000000e+00 0.000000e+00
      vertex 2.150000e+01 1.075000e+01 0.000000e+00
      vertex 2.150000e+01 0.000000e+00 5.750000e+00
    endloop
  endfacet
  facet normal 1.000000e+00 -0.000000e+00 0.000000e+00
    outer loop
      vertex 2.150000e+01 0.000000e+00 5.750000e+00
      vertex 2.150000e+01 1.075000e+01 0.000000e+00
      vertex 2.150000e+01 1.075000e+01 5.750000e+00
    endloop
  endfacet
  facet normal 1.000000e+00 0.000000e+00 0.000000e+00
    outer loop
      vertex 2.150000e+01 1.075000e+01 5.750000e+00
      vertex 2.150000e+01 2.150000e+01 5.750000e+00
      vertex 2.150000e+01 2.150000e+01 1.000000e+01
    endloop
  endfacet
  facet normal 1.000000e+00 0.000000e+00 0.000000e+00
    outer loop
      vertex 2.150000e+01 1.075000e+01 5.750000e+00
      vertex 2.150000e+01 2.150000e+01 1.000000e+01
      vertex 2.150000e+01 1.725000e+01 1.000000e+01
    endloop
  endfacet
  facet normal 1.000000e+00 0.000000e+00 0.000000e+00
    outer loop
      vertex 2.150000e+01 1.075000e+01 5.750000e+00
      vertex 2.150000e+01 1.725000e+01 1.000000e+01
      vertex 2.150000e+01 1.575000e+01 1.150000e+01
    endloop
  endfacet
  facet normal 1.000000e+00 0.000000e+00 0.000000e+00
    outer loop
      vertex 2.150000e+01 1.075000e+01 5.750000e+00
      vertex 2.150000e+01 1.575000e+01 1.150000e+01
      vertex 2.150000e+01 1.075000e+01 1.150000e+01
    endloop
  endfacet
  facet normal 0.000000e+00 0.000000e+00 1.000000e+00
    outer loop
      vertex -2.750000e+00 -1.750000e+00 3.750000e+00
      vertex -1.750000e+00 -1.750000e+00 3.750000e+00
      vertex -2.750000e+00 -1.250000e-01 3.750000e+00
    endloop
  endfacet
  facet normal -0.000000e+00 0.000000e+00 1.000000e+00
    outer loop
      vertex -2.750000e+00 -1.250000e-01 3.750000e+00
      vertex -1.750000e+00 -1.750000e+00 3.750000e+00
      vertex -1.750000e+00 -1.250000e-01 3.750000e+00
    endloop
  endfacet
  facet normal 0.000000e+00 0.000000e+00 1.000000e+00
    outer loop
      vertex -2.750000e+00 -1.250000e-01 3.750000e+00
      vertex -1.750000e+00 -1.250000e-01 3.750000e+00
      vertex -2.750000e+00 1.500000e+00 3.750000e+00
    endloop
  endfacet
  facet normal -0.000000e+00 0.000000e+00 1.000000e+00
    outer loop
      vertex -2.750000e+00 1.500000e+00 3.750000e+00
      vertex -1.750000e+00 -1.250000e-01 3.750000e+00
      vertex -1.750000e+00 1.500000e+00 3.750000e+00
    endloop
  endfacet
  facet normal 0.000000e+00 0.000000e+00 1.000000e+00
    outer loop
      vertex -1.750000e+00 -1.750000e+00 3.750000e+00
      vertex -7.500000e-01 -1.750000e+00 3.750000e+00
      vertex -1.750000e+00 -1.250000e-01 3.750000e+00
    endloop
  endfacet
  facet normal -0.000000e+00 0.000000e+00 1.000000e+00
    outer loop
      vertex -1.750000e+00 -1.250000e-01 3.750000e+00
      vertex -7.500000e-01 -1.750000e+00 3.750000e+00
      vertex -7.500000e-01 -1.250000e-01 3.750000e+00
    endloop
  endfacet
  facet normal 0.000000e+00 0.000000e+00 1.000000e+00
    outer loop
      vertex -1.750000e+00 -1.250000e-01 3.750000e+00
      vertex -7.500000e-01 -1.250000e-01 3.750000e+00
      vertex -1.750000e+00 1.500000e+00 3.750000e+00
    endloop
  endfacet
  facet normal -0.000000e+00 0.000000e+00 1.000000e+00
    outer loop
      vertex -1.750000e+00 1.500000e+00 3.750000e+00
      vertex -7.500000e-01 -1.250000e-01 3.750000e+00
      vertex -7.500000e-01 1.500000e+00 3.750000e+00
    endloop
  endfacet
  facet normal 7.071068e-01 0.000000e+00 7.071068e-01
    outer loop
      vertex 7.250000e+00 1.500000e+00 9.750000e+00
      vertex 7.750000e+00 7.500000e-01 9.250000e+00
      vertex 7.750000e+00 1.500000e+00 9.250000e+00
    endloop
  endfacet
  facet normal 7.071068e-01 0.000000e+00 7.071068e-01
    outer loop
      vertex 7.750000e+00 7.500000e-01 9.250000e+00
      vertex 7.250000e+00 1.500000e+00 9.750000e+00
      vertex 5.500000e+00 7.500000e-01 1.150000e+01
    endloop
  endfacet
  facet normal 7.071068e-01 -0.000000e+00 7.071068e-01
    outer loop
      vertex 5.500000e+00 7.500000e-01 1.150000e+01
      vertex 7.250000e+00 1.500000e+00 9.750000e+00
      vertex 5.500000e+00 1.500000e+00 1.150000e+01
    endloop
  endfacet
  facet normal 7.071068e-01 0.000000e+00 7.071068e-01
    outer loop
      vertex 1.000000e+01 1.500000e+00 7.000000e+00
      vertex 7.750000e+00 1.500000e+00 9.250000e+00
      vertex 1.000000e+01 7.500000e-01 7.000000e+00
    endloop
  endfacet
  facet normal 7.071068e-01 0.000000e+00 7.071068e-01
    outer loop
      vertex 1.000000e+01 7.500000e-01 7.000000e+00
      vertex 7.750000e+00 1.500000e+00 9.250000e+00
      vertex 7.750000e+00 7.500000e-01 9.250000e+00
    endloop
  endfacet
  facet normal 7.071068e-01 0.000000e+00 7.071068e-01
    outer loop
      vertex 1.000000e+01 7.500000e-01 7.000000e+00
      vertex 7.750000e+00 7.500000e-01 9.250000e+00
      vertex 1.000000e+01 0.000000e+00 7.000000e+00
    endloop
  endfacet
  facet normal 7.071068e-01 0.000000e+00 7.071068e-01
    outer loop
      vertex 1.000000e+01 0.000000e+00 7.000000e+00
      vertex 7.750000e+00 7.500000e-01 9.250000e+00
      vertex 7.750000e+00 0.000000e+00 9.250000e+00
    endloop
  endfacet
  facet normal 7.071068e-01 0.000000e+00 7.071068e-01
    outer loop
      vertex 7.750000e+00 7.500000e-01 9.250000e+00
      vertex 5.500000e+00 7.500000e-01 1.150000e+01
      vertex 7.750000e+00 0.000000e+00 9.250000e+00
    endloop
  endfacet
  facet normal 7.071068e-01 0.000000e+00 7.071068e-01
    outer loop
      vertex 7.750000e+00 0.000000e+00 9.250000e+00
      vertex 5.500000e+00 7.500000e-01 1.150000e+01
      vertex 5.500000e+00 0.000000e+00 1.150000e+01
    endloop
  endfacet
  facet normal 0.000000e+00 0.000000e+00 -1.000000e+00
    outer loop
      vertex 6.358482e+00 -1.750000e+00 0.000000e+00
      vertex 2.000000e+00 -1.750000e+00 0.000000e+00
      vertex 7.233482e+00 -8.750000e-01 0.000000e+00
    endloop
  endfacet
  facet normal 0.000000e+00 0.000000e+00 -1.000000e+00
    outer loop
      vertex 2.000000e+00 6.250000e-01 0.000000e+00
      vertex 7.233482e+00 -8.750000e-01 0.000000e+00
      vertex 2.000000e+00 -1.750000e+00 0.000000e+00
    endloop
  endfacet
  facet normal -0.000000e+00 0.000000e+00 -1.000000e+00
    outer loop
      vertex 8.108482e+00 0.000000e+00 0.000000e+00
      vertex 7.233482e+00 -8.750000e-01 0.000000e+00
      vertex 2.000000e+00 6.250000e-01 0.000000e+00
    endloop
  endfacet
  facet normal -0.000000e+00 -0.000000e+00 -1.000000e+00
    outer loop
      vertex 2.150000e+01 2.150000e+01 0.000000e+00
      vertex 2.150000e+01 1.075000e+01 0.000000e+00
      vertex 1.075000e+01 2.150000e+01 0.000000e+00
    endloop
  endfacet
  facet normal 0.000000e+00 0.000000e+00 -1.000000e+00
    outer loop
      vertex 1.075000e+01 2.150000e+01 0.000000e+00
      vertex 2.150000e+01 1.075000e+01 0.000000e+00
      vertex 1.075000e+01 1.075000e+01 0.000000e+00
    endloop
  endfacet
  facet normal -0.000000e+00 -0.000000e+00 -1.000000e+00
    outer loop
      vertex 2.150000e+01 1.075000e+01 0.000000e+00
      vertex 2.150000e+01 0.000000e+00 0.000000e+00
      vertex 1.075000e+01 1.075000e+01 0.000000e+00
    endloop
  endfacet
  facet normal 0.000000e+00 0.000000e+00 -1.000000e+00
    outer loop
      vertex 1.075000e+01 1.075000e+01 0.000000e+00
      vertex 2.150000e+01 0.000000e+00 0.000000e+00
      vertex 1.075000e+01 0.000000e+00 0.000000e+00
    endloop
  endfacet
  facet normal 0.000000e+00 0.000000e+00 -1.000000e+00
    outer loop
      vertex 2.000000e+00 3.000000e+00 0.000000e+00
      vertex 5.756939e-01 3.000000e+00 0.000000e+00
      vertex 1.075000e+01 1.075000e+01 0.000000e+00
    endloop
  endfacet
  facet normal 0.000000e+00 0.000000e+00 -1.000000e+00
    outer loop
      vertex 1.075000e+01 1.075000e+01 0.000000e+00
      vertex 5.756939e-01 3.000000e+00 0.000000e+00
      vertex 0.000000e+00 3.000000e+00 0.000000e+00
    endloop
  endfacet
  facet normal -0.000000e+00 0.000000e+00 -1.000000e+00
    outer loop
      vertex 1.075000e+01 1.075000e+01 0.000000e+00
      vertex 0.000000e+00 3.000000e+00 0.000000e+00
      vertex 0.000000e+00 1.075000e+01 0.000000e+00
    endloop
  endfacet
  facet normal 0.000000e+00 0.000000e+00 -1.000000e+00
    outer loop
      vertex 8.108482e+00 0.000000e+00 0.000000e+00
      vertex 2.000000e+00 6.250000e-01 0.000000e+00
      vertex 1.075000e+01 0.000000e+00 0.000000e+00
    endloop
  endfacet
  facet normal 0.000000e+00 0.000000e+00 -1.000000e+00
    outer loop
      vertex 1.075000e+01 0.000000e+00 0.000000e+00
      vertex 2.000000e+00 6.250000e-01 0.000000e+00
      vertex 2.000000e+00 3.000000e+00 0.000000e+00
    endloop
  endfacet
  facet normal 0.000000e+00 0.000000e+00 -1.000000e+00
    outer loop
      vertex 1.075000e+01 0.000000e+00 0.000000e+00
      vertex 2.000000e+00 3.000000e+00 0.000000e+00
      vertex 1.075000e+01 1.075000e+01 0.000000e+00
    endloop
  endfacet
  facet normal 0.000000e+00 0.000000e+00 -1.000000e+00
    outer loop
      vertex 2.000000e+00 2.087500e+01 0.000000e+00
      vertex 2.000000e+00 2.325000e+01 0.000000e+00
      vertex 6.358482e+00 2.325000e+01 0.000000e+00
    endloop
  endfacet
  facet normal 0.000000e+00 0.000000e+00 -1.000000e+00
    outer loop
      vertex 2.000000e+00 2.087500e+01 0.000000e+00
      vertex 6.358482e+00 2.325000e+01 0.000000e+00
      vertex 6.358482e+00 2.237500e+01 0.000000e+00
    endloop
  endfacet
  facet normal 0.000000e+00 0.000000e+00 -1.000000e+00
    outer loop
      vertex 2.000000e+00 2.087500e+01 0.000000e+00
      vertex 6.358482e+00 2.237500e+01 0.000000e+00
      vertex 6.358482e+00 2.150000e+01 0.000000e+00
    endloop
  endfacet
  facet normal 0.000000e+00 0.000000e+00 -1.000000e+00
    outer loop
      vertex 2.000000e+00 2.087500e+01 0.000000e+00
      vertex 6.358482e+00 2.150000e+01 0.000000e+00
      vertex 1.075000e+01 2.150000e+01 0.000000e+00
    endloop
  endfacet
  facet normal 0.000000e+00 0.000000e+00 -1.000000e+00
    outer loop
      vertex 2.000000e+00 2.087500e+01 0.000000e+00
      vertex 1.075000e+01 2.150000e+01 0.000000e+00
      vertex 1.075000e+01 1.075000e+01 0.000000e+00
    endloop
  endfacet
  facet normal 0.000000e+00 0.000000e+00 -1.000000e+00
    outer loop
      vertex 1.075000e+01 1.075000e+01 0.000000e+00
      vertex 0.000000e+00 1.075000e+01 0.000000e+00
      vertex 0.000000e+00 1.237500e+01 0.000000e+00
    endloop
  endfacet
  facet normal 0.000000e+00 0.000000e+00 -1.000000e+00
    outer loop
      vertex 1.075000e+01 1.075000e+01 0.000000e+00
      vertex 0.000000e+00 1.237500e+01 0.000000e+00
      vertex 0.000000e+00 1.850000e+01 0.000000e+00
    endloop
  endfacet
  facet normal 0.000000e+00 0.000000e+00 -1.000000e+00
    outer loop
      vertex 1.075000e+01 1.075000e+01 0.000000e+00
      vertex 0.000000e+00 1.850000e+01 0.000000e+00
      vertex 5.756939e-01 1.850000e+01 0.000000e+00
    endloop
  endfacet
  facet normal 0.000000e+00 0.000000e+00 -1.000000e+00
    outer loop
      vertex 1.075000e+01 1.075000e+01 0.000000e+00
      vertex 5.756939e-01 1.850000e+01 0.000000e+00
      vertex 2.000000e+00 1.850000e+01 0.000000e+00
    endloop
  endfacet
  facet normal 0.000000e+00 0.000000e+00 -1.000000e+00
    outer loop
      vertex 1.075000e+01 1.075000e+01 0.000000e+00
      vertex 2.000000e+00 1.850000e+01 0.000000e+00
      vertex 2.000000e+00 2.087500e+01 0.000000e+00
    endloop
  endfacet
  facet normal -1.000000e+00 0.000000e+00 0.000000e+00
    outer loop
      vertex 0.000000e+00 -1.250000e-01 3.750000e+00
      vertex 0.000000e+00 -8.750000e-01 4.625000e+00
      vertex 0.000000e+00 0.000000e+00 5.500000e+00
    endloop
  endfacet
  facet normal -1.000000e+00 0.000000e+00 -0.000000e+00
    outer loop
      vertex 0.000000e+00 -8.750000e-01 4.625000e+00
      vertex 0.000000e+00 -1.250000e-01 3.750000e+00
      vertex 0.000000e+00 -1.750000e+00 3.750000e+00
    endloop
  endfacet
  facet normal -1.000000e+00 0.000000e+00 0.000000e+00
    outer loop
      vertex 0.000000e+00 0.000000e+00 5.750000e+00
      vertex 0.000000e+00 1.500000e+00 3.750000e+00
      vertex 0.000000e+00 0.000000e+00 5.500000e+00
    endloop
  endfacet
  facet normal -1.000000e+00 0.000000e+00 0.000000e+00
    outer loop
      vertex 0.000000e+00 1.500000e+00 3.750000e+00
      vertex 0.000000e+00 0.000000e+00 5.750000e+00
      vertex 0.000000e+00 0.000000e+00 7.625000e+00
    endloop
  endfacet
  facet normal -1.000000e+00 0.000000e+00 0.000000e+00
    outer loop
      vertex 0.000000e+00 -1.250000e-01 3.750000e+00
      vertex 0.000000e+00 0.000000e+00 5.500000e+00
      vertex 0.000000e+00 1.500000e+00 3.750000e+00
    endloop
  endfacet
  facet normal -1.000000e+00 0.000000e+00 0.000000e+00
    outer loop
      vertex 0.000000e+00 1.500000e+00 5.000000e+00
      vertex 0.000000e+00 1.875000e+00 7.625000e+00
      vertex 0.000000e+00 1.875000e+00 5.468750e+00
    endloop
  endfacet
  facet normal -1.000000e+00 0.000000e+00 0.000000e+00
    outer loop
      vertex 0.000000e+00 1.875000e+00 5.468750e+00
      vertex 0.000000e+00 1.875000e+00 7.625000e+00
      vertex 0.000000e+00 3.600000e+00 7.625000e+00
    endloop
  endfacet
  facet normal -1.000000e+00 -0.000000e+00 -0.000000e+00
    outer loop
      vertex 0.000000e+00 1.875000e+00 1.150000e+01
      vertex 0.000000e+00 1.875000e+00 7.625000e+00
      vertex 0.000000e+00 0.000000e+00 1.150000e+01
    endloop
  endfacet
  facet normal -1.000000e+00 0.000000e+00 0.000000e+00
    outer loop
      vertex 0.000000e+00 0.000000e+00 1.150000e+01
      vertex 0.000000e+00 1.875000e+00 7.625000e+00
      vertex 0.000000e+00 0.000000e+00 7.625000e+00
    endloop
  endfacet
  facet normal -1.000000e+00 0.000000e+00 0.000000e+00
    outer loop
      vertex 0.000000e+00 1.875000e+00 7.625000e+00
      vertex 0.000000e+00 1.875000e+00 1.150000e+01
      vertex 0.000000e+00 3.600000e+00 7.625000e+00
    endloop
  endfacet
  facet normal -1.000000e+00 0.000000e+00 0.000000e+00
    outer loop
      vertex 0.000000e+00 3.600000e+00 7.625000e+00
      vertex 0.000000e+00 1.875000e+00 1.150000e+01
      vertex 0.000000e+00 5.500000e+00 1.150000e+01
    endloop
  endfacet
  facet normal -1.000000e+00 -3.019028e-16 1.480298e-16
    outer loop
      vertex 0.000000e+00 3.600000e+00 7.625000e+00
      vertex 0.000000e+00 5.500000e+00 1.150000e+01
      vertex -2.220446e-16 5.500000e+00 1.000000e+01
    endloop
  endfacet
  facet normal -1.000000e+00 0.000000e+00 0.000000e+00
    outer loop
      vertex 0.000000e+00 0.000000e+00 7.625000e+00
      vertex 0.000000e+00 1.875000e+00 7.625000e+00
      vertex 0.000000e+00 1.500000e+00 5.000000e+00
    endloop
  endfacet
  facet normal -1.000000e+00 0.000000e+00 0.000000e+00
    outer loop
      vertex 0.000000e+00 0.000000e+00 7.625000e+00
      vertex 0.000000e+00 1.500000e+00 5.000000e+00
      vertex 0.000000e+00 1.500000e+00 3.875000e+00
    endloop
  endfacet
  facet normal -1.000000e+00 0.000000e+00 0.000000e+00
    outer loop
      vertex 0.000000e+00 0.000000e+00 7.625000e+00
      vertex 0.000000e+00 1.500000e+00 3.875000e+00
      vertex 0.000000e+00 1.500000e+00 3.750000e+00
    endloop
  endfacet
  facet normal 0.000000e+00 -1.000000e+00 0.000000e+00
    outer loop
      vertex 8.108482e+00 0.000000e+00 6.831957e-01
      vertex 1.075000e+01 0.000000e+00 0.000000e+00
      vertex 8.108482e+00 0.000000e+00 1.366391e+00
    endloop
  endfacet
  facet normal 0.000000e+00 -1.000000e+00 0.000000e+00
    outer loop
      vertex 1.075000e+01 0.000000e+00 0.000000e+00
      vertex 8.108482e+00 0.000000e+00 6.831957e-01
      vertex 8.108482e+00 0.000000e+00 0.000000e+00
    endloop
  endfacet
  facet normal 0.000000e+00 -1.000000e+00 0.000000e+00
    outer loop
      vertex 6.041678e+00 0.000000e+00 3.433196e+00
      vertex 1.075000e+01 0.000000e+00 5.750000e+00
      vertex 3.974874e+00 0.000000e+00 5.500000e+00
    endloop
  endfacet
  facet normal 0.000000e+00 -1.000000e+00 -0.000000e+00
    outer loop
      vertex 1.075000e+01 0.000000e+00 5.750000e+00
      vertex 6.041678e+00 0.000000e+00 3.433196e+00
      vertex 1.075000e+01 0.000000e+00 0.000000e+00
    endloop
  endfacet
  facet normal 0.000000e+00 -1.000000e+00 0.000000e+00
    outer loop
      vertex 1.075000e+01 0.000000e+00 0.000000e+00
      vertex 6.041678e+00 0.000000e+00 3.433196e+00
      vertex 8.108482e+00 0.000000e+00 1.366391e+00
    endloop
  endfacet
  facet normal 0.000000e+00 -1.000000e+00 0.000000e+00
    outer loop
      vertex 1.987437e+00 0.000000e+00 5.500000e+00
      vertex 0.000000e+00 0.000000e+00 5.750000e+00
      vertex 0.000000e+00 0.000000e+00 5.500000e+00
    endloop
  endfacet
  facet normal 0.000000e+00 -1.000000e+00 0.000000e+00
    outer loop
      vertex 0.000000e+00 0.000000e+00 5.750000e+00
      vertex 1.987437e+00 0.000000e+00 5.500000e+00
      vertex 1.075000e+01 0.000000e+00 5.750000e+00
    endloop
  endfacet
  facet normal 0.000000e+00 -1.000000e+00 0.000000e+00
    outer loop
      vertex 1.075000e+01 0.000000e+00 5.750000e+00
      vertex 1.987437e+00 0.000000e+00 5.500000e+00
      vertex 3.974874e+00 0.000000e+00 5.500000e+00
    endloop
  endfacet
  facet normal 0.000000e+00 -1.000000e+00 0.000000e+00
    outer loop
      vertex 0.000000e+00 0.000000e+00 1.150000e+01
      vertex 0.000000e+00 0.000000e+00 7.625000e+00
      vertex 5.500000e+00 0.000000e+00 1.150000e+01
    endloop
  endfacet
  facet normal -0.000000e+00 -1.000000e+00 -0.000000e+00
    outer loop
      vertex 2.150000e+01 0.000000e+00 1.000000e+01
      vertex 2.000000e+01 0.000000e+00 1.000000e+01
      vertex 2.150000e+01 0.000000e+00 5.750000e+00
    endloop
  endfacet
  facet normal 0.000000e+00 -1.000000e+00 0.000000e+00
    outer loop
      vertex 2.150000e+01 0.000000e+00 5.750000e+00
      vertex 2.000000e+01 0.000000e+00 1.000000e+01
      vertex 1.700000e+01 0.000000e+00 7.000000e+00
    endloop
  endfacet
  facet normal 0.000000e+00 -1.000000e+00 0.000000e+00
    outer loop
      vertex 2.150000e+01 0.000000e+00 5.750000e+00
      vertex 1.700000e+01 0.000000e+00 7.000000e+00
      vertex 1.075000e+01 0.000000e+00 5.750000e+00
    endloop
  endfacet
  facet normal 0.000000e+00 -1.000000e+00 0.000000e+00
    outer loop
      vertex 1.075000e+01 0.000000e+00 5.750000e+00
      vertex 1.700000e+01 0.000000e+00 7.000000e+00
      vertex 1.075000e+01 0.000000e+00 7.000000e+00
    endloop
  endfacet
  facet normal 0.000000e+00 -1.000000e+00 0.000000e+00
    outer loop
      vertex 1.075000e+01 0.000000e+00 5.750000e+00
      vertex 1.075000e+01 0.000000e+00 0.000000e+00
      vertex 2.150000e+01 0.000000e+00 5.750000e+00
    endloop
  endfacet
  facet normal 0.000000e+00 -1.000000e+00 -0.000000e+00
    outer loop
      vertex 2.150000e+01 0.000000e+00 5.750000e+00
      vertex 1.075000e+01 0.000000e+00 0.000000e+00
      vertex 2.150000e+01 0.000000e+00 0.000000e+00
    endloop
  endfacet
  facet normal 0.000000e+00 -1.000000e+00 0.000000e+00
    outer loop
      vertex 0.000000e+00 0.000000e+00 5.750000e+00
      vertex 1.075000e+01 0.000000e+00 5.750000e+00
      vertex 1.075000e+01 0.000000e+00 7.000000e+00
    endloop
  endfacet
  facet normal 0.000000e+00 -1.000000e+00 0.000000e+00
    outer loop
      vertex 0.000000e+00 0.000000e+00 5.750000e+00
      vertex 1.075000e+01 0.000000e+00 7.000000e+00
      vertex 1.000000e+01 0.000000e+00 7.000000e+00
    endloop
  endfacet
  facet normal 0.000000e+00 -1.000000e+00 0.000000e+00
    outer loop
      vertex 0.000000e+00 0.000000e+00 5.750000e+00
      vertex 1.000000e+01 0.000000e+00 7.000000e+00
      vertex 7.750000e+00 0.000000e+00 9.250000e+00
    endloop
  endfacet
  facet normal 0.000000e+00 -1.000000e+00 0.000000e+00
    outer loop
      vertex 0.000000e+00 0.000000e+00 5.750000e+00
      vertex 7.750000e+00 0.000000e+00 9.250000e+00
      vertex 5.500000e+00 0.000000e+00 1.150000e+01
    endloop
  endfacet
  facet normal 0.000000e+00 -1.000000e+00 0.000000e+00
    outer loop
      vertex 0.000000e+00 0.000000e+00 5.750000e+00
      vertex 5.500000e+00 0.000000e+00 1.150000e+01
      vertex 0.000000e+00 0.000000e+00 7.625000e+00
    endloop
  endfacet
  facet normal 0.000000e+00 0.000000e+00 1.000000e+00
    outer loop
      vertex -7.500000e-01 -1.750000e+00 3.750000e+00
      vertex -3.750000e-01 -1.750000e+00 3.750000e+00
      vertex -7.500000e-01 -1.250000e-01 3.750000e+00
    endloop
  endfacet
  facet normal -0.000000e+00 0.000000e+00 1.000000e+00
    outer loop
      vertex -7.500000e-01 -1.250000e-01 3.750000e+00
      vertex -3.750000e-01 -1.750000e+00 3.750000e+00
      vertex -3.750000e-01 -1.250000e-01 3.750000e+00
    endloop
  endfacet
  facet normal 0.000000e+00 0.000000e+00 1.000000e+00
    outer loop
      vertex -7.500000e-01 -1.250000e-01 3.750000e+00
      vertex -3.750000e-01 -1.250000e-01 3.750000e+00
      vertex -7.500000e-01 1.500000e+00 3.750000e+00
    endloop
  endfacet
  facet normal -0.000000e+00 0.000000e+00 1.000000e+00
    outer loop
      vertex -7.500000e-01 1.500000e+00 3.750000e+00
      vertex -3.750000e-01 -1.250000e-01 3.750000e+00
      vertex -3.750000e-01 1.500000e+00 3.750000e+00
    endloop
  endfacet
  facet normal 0.000000e+00 0.000000e+00 1.000000e+00
    outer loop
      vertex -3.750000e-01 -1.750000e+00 3.750000e+00
      vertex 0.000000e+00 -1.750000e+00 3.750000e+00
      vertex -3.750000e-01 -1.250000e-01 3.750000e+00
    endloop
  endfacet
  facet normal -0.000000e+00 0.000000e+00 1.000000e+00
    outer loop
      vertex -3.750000e-01 -1.250000e-01 3.750000e+00
      vertex 0.000000e+00 -1.750000e+00 3.750000e+00
      vertex 0.000000e+00 -1.250000e-01 3.750000e+00
    endloop
  endfacet
  facet normal 0.000000e+00 0.000000e+00 1.000000e+00
    outer loop
      vertex -3.750000e-01 -1.250000e-01 3.750000e+00
      vertex 0.000000e+00 -1.250000e-01 3.750000e+00
      vertex -3.750000e-01 1.500000e+00 3.750000e+00
    endloop
  endfacet
  facet normal -0.000000e+00 0.000000e+00 1.000000e+00
    outer loop
      vertex -3.750000e-01 1.500000e+00 3.750000e+00
      vertex 0.000000e+00 -1.250000e-01 3.750000e+00
      vertex 0.000000e+00 1.500000e+00 3.750000e+00
    endloop
  endfacet
  facet normal 0.000000e+00 1.000000e+00 0.000000e+00
    outer loop
      vertex -3.750000e-01 1.500000e+00 3.750000e+00
      vertex 7.250000e+00 1.500000e+00 3.000000e+00
      vertex -7.500000e-01 1.500000e+00 3.750000e+00
    endloop
  endfacet
  facet normal 0.000000e+00 1.000000e+00 0.000000e+00
    outer loop
      vertex 7.250000e+00 1.500000e+00 3.000000e+00
      vertex -3.750000e-01 1.500000e+00 3.750000e+00
      vertex 0.000000e+00 1.500000e+00 3.750000e+00
    endloop
  endfacet
  facet normal 0.000000e+00 1.000000e+00 0.000000e+00
    outer loop
      vertex 0.000000e+00 1.500000e+00 1.500000e+00
      vertex -1.733045e-01 1.500000e+00 7.592965e-01
      vertex -6.588929e-01 1.500000e+00 1.368205e+00
    endloop
  endfacet
  facet normal 0.000000e+00 1.000000e+00 0.000000e+00
    outer loop
      vertex 0.000000e+00 1.500000e+00 1.500000e+00
      vertex 0.000000e+00 1.500000e+00 -4.286264e-16
      vertex -1.733045e-01 1.500000e+00 7.592965e-01
    endloop
  endfacet
  facet normal -0.000000e+00 1.000000e+00 0.000000e+00
    outer loop
      vertex 5.500000e+00 1.500000e+00 1.000000e+01
      vertex 5.500000e+00 1.500000e+00 1.150000e+01
      vertex 7.250000e+00 1.500000e+00 9.750000e+00
    endloop
  endfacet
  facet normal 0.000000e+00 1.000000e+00 0.000000e+00
    outer loop
      vertex 1.000000e+01 1.500000e+00 7.000000e+00
      vertex 7.250000e+00 1.500000e+00 3.875000e+00
      vertex 7.750000e+00 1.500000e+00 9.250000e+00
    endloop
  endfacet
  facet normal 0.000000e+00 1.000000e+00 0.000000e+00
    outer loop
      vertex 7.250000e+00 1.500000e+00 3.875000e+00
      vertex 7.250000e+00 1.500000e+00 9.750000e+00
      vertex 7.750000e+00 1.500000e+00 9.250000e+00
    endloop
  endfacet
  facet normal 0.000000e+00 1.000000e+00 0.000000e+00
    outer loop
      vertex 6.250000e-01 1.500000e+00 -2.375000e+00
      vertex -2.273274e+00 1.500000e+00 -1.669935e+00
      vertex -1.750000e+00 1.500000e+00 -1.750000e+00
    endloop
  endfacet
  facet normal 0.000000e+00 1.000000e+00 0.000000e+00
    outer loop
      vertex -4.125000e+00 1.500000e+00 2.375000e+00
      vertex -1.750000e+00 1.500000e+00 1.750000e+00
      vertex -2.139412e+00 1.500000e+00 1.706124e+00
    endloop
  endfacet
  facet normal 0.000000e+00 1.000000e+00 0.000000e+00
    outer loop
      vertex 6.250000e-01 1.500000e+00 -2.375000e+00
      vertex -1.750000e+00 1.500000e+00 -1.750000e+00
      vertex -1.542727e+00 1.500000e+00 -1.737682e+00
    endloop
  endfacet
  facet normal 0.000000e+00 1.000000e+00 0.000000e+00
    outer loop
      vertex 2.000000e+01 1.500000e+00 3.875000e+00
      vertex 2.000000e+01 1.500000e+00 3.000000e+00
      vertex 7.250000e+00 1.500000e+00 3.875000e+00
    endloop
  endfacet
  facet normal 0.000000e+00 1.000000e+00 0.000000e+00
    outer loop
      vertex 7.250000e+00 1.500000e+00 3.875000e+00
      vertex 2.000000e+01 1.500000e+00 3.000000e+00
      vertex 1.000000e+01 1.500000e+00 3.000000e+00
    endloop
  endfacet
  facet normal 0.000000e+00 1.000000e+00 0.000000e+00
    outer loop
      vertex 7.250000e+00 1.500000e+00 3.875000e+00
      vertex 1.000000e+01 1.500000e+00 3.000000e+00
      vertex 7.250000e+00 1.500000e+00 3.000000e+00
    endloop
  endfacet
  facet normal 0.000000e+00 1.000000e+00 0.000000e+00
    outer loop
      vertex 7.250000e+00 1.500000e+00 3.875000e+00
      vertex 1.000000e+01 1.500000e+00 7.000000e+00
      vertex 2.000000e+01 1.500000e+00 3.875000e+00
    endloop
  endfacet
  facet normal 0.000000e+00 1.000000e+00 0.000000e+00
    outer loop
      vertex 2.000000e+01 1.500000e+00 3.875000e+00
      vertex 1.000000e+01 1.500000e+00 7.000000e+00
      vertex 1.700000e+01 1.500000e+00 7.000000e+00
    endloop
  endfacet
  facet normal 0.000000e+00 1.000000e+00 -0.000000e+00
    outer loop
      vertex 2.000000e+01 1.500000e+00 3.875000e+00
      vertex 1.700000e+01 1.500000e+00 7.000000e+00
      vertex 2.000000e+01 1.500000e+00 1.000000e+01
    endloop
  endfacet
  facet normal 0.000000e+00 1.000000e+00 0.000000e+00
    outer loop
      vertex -2.750000e+00 1.500000e+00 3.750000e+00
      vertex 6.500000e+00 1.500000e+00 3.000000e+00
      vertex -4.125000e+00 1.500000e+00 2.375000e+00
    endloop
  endfacet
  facet normal -0.000000e+00 1.000000e+00 0.000000e+00
    outer loop
      vertex -4.125000e+00 1.500000e+00 2.375000e+00
      vertex 6.500000e+00 1.500000e+00 3.000000e+00
      vertex 6.500000e+00 1.500000e+00 2.250000e+00
    endloop
  endfacet
  facet normal 0.000000e+00 1.000000e+00 0.000000e+00
    outer loop
      vertex -4.125000e+00 1.500000e+00 2.375000e+00
      vertex 6.500000e+00 1.500000e+00 2.250000e+00
      vertex -1.750000e+00 1.500000e+00 1.750000e+00
    endloop
  endfacet
  facet normal 0.000000e+00 1.000000e+00 0.000000e+00
    outer loop
      vertex 0.000000e+00 1.500000e+00 3.875000e+00
      vertex 0.000000e+00 1.500000e+00 5.000000e+00
      vertex 7.250000e+00 1.500000e+00 3.875000e+00
    endloop
  endfacet
  facet normal 0.000000e+00 1.000000e+00 0.000000e+00
    outer loop
      vertex 7.250000e+00 1.500000e+00 3.875000e+00
      vertex 0.000000e+00 1.500000e+00 5.000000e+00
      vertex 1.500000e+00 1.500000e+00 5.000000e+00
    endloop
  endfacet
  facet normal 0.000000e+00 1.000000e+00 -0.000000e+00
    outer loop
      vertex 7.250000e+00 1.500000e+00 3.875000e+00
      vertex 1.500000e+00 1.500000e+00 5.000000e+00
      vertex 7.250000e+00 1.500000e+00 9.750000e+00
    endloop
  endfacet
  facet normal 0.000000e+00 1.000000e+00 0.000000e+00
    outer loop
      vertex 7.250000e+00 1.500000e+00 9.750000e+00
      vertex 1.500000e+00 1.500000e+00 5.000000e+00
      vertex 1.500000e+00 1.500000e+00 1.000000e+01
    endloop
  endfacet
  facet normal 0.000000e+00 1.000000e+00 0.000000e+00
    outer loop
      vertex 7.250000e+00 1.500000e+00 9.750000e+00
      vertex 1.500000e+00 1.500000e+00 1.000000e+01
      vertex 5.500000e+00 1.500000e+00 1.000000e+01
    endloop
  endfacet
  facet normal 0.000000e+00 1.000000e+00 0.000000e+00
    outer loop
      vertex 6.250000e-01 1.500000e+00 -2.375000e+00
      vertex -7.500000e-01 1.500000e+00 -3.750000e+00
      vertex -4.125000e+00 1.500000e+00 -2.375000e+00
    endloop
  endfacet
  facet normal 0.000000e+00 1.000000e+00 0.000000e+00
    outer loop
      vertex -4.125000e+00 1.500000e+00 -2.375000e+00
      vertex -7.500000e-01 1.500000e+00 -3.750000e+00
      vertex -1.750000e+00 1.500000e+00 -3.750000e+00
    endloop
  endfacet
  facet normal 0.000000e+00 1.000000e+00 0.000000e+00
    outer loop
      vertex -4.125000e+00 1.500000e+00 -2.375000e+00
      vertex -1.750000e+00 1.500000e+00 -3.750000e+00
      vertex -2.750000e+00 1.500000e+00 -3.750000e+00
    endloop
  endfacet
  facet normal 0.000000e+00 1.000000e+00 -0.000000e+00
    outer loop
      vertex -3.500000e+00 1.500000e+00 2.143132e-16
      vertex -5.500000e+00 1.500000e+00 0.000000e+00
      vertex -3.326695e+00 1.500000e+00 7.592965e-01
    endloop
  endfacet
  facet normal 0.000000e+00 1.000000e+00 0.000000e+00
    outer loop
      vertex -3.326695e+00 1.500000e+00 7.592965e-01
      vertex -5.500000e+00 1.500000e+00 0.000000e+00
      vertex -5.500000e+00 1.500000e+00 1.000000e+00
    endloop
  endfacet
  facet normal 0.000000e+00 1.000000e+00 -0.000000e+00
    outer loop
      vertex -3.326695e+00 1.500000e+00 7.592965e-01
      vertex -5.500000e+00 1.500000e+00 1.000000e+00
      vertex -2.841107e+00 1.500000e+00 1.368205e+00
    endloop
  endfacet
  facet normal 0.000000e+00 1.000000e+00 0.000000e+00
    outer loop
      vertex -2.841107e+00 1.500000e+00 1.368205e+00
      vertex -5.500000e+00 1.500000e+00 1.000000e+00
      vertex -4.125000e+00 1.500000e+00 2.375000e+00
    endloop
  endfacet
  facet normal 0.000000e+00 1.000000e+00 -0.000000e+00
    outer loop
      vertex -2.841107e+00 1.500000e+00 1.368205e+00
      vertex -4.125000e+00 1.500000e+00 2.375000e+00
      vertex -2.139412e+00 1.500000e+00 1.706124e+00
    endloop
  endfacet
  facet normal 0.000000e+00 1.000000e+00 0.000000e+00
    outer loop
      vertex 1.500000e+00 1.500000e+00 -1.500000e+00
      vertex 6.250000e-01 1.500000e+00 -2.375000e+00
      vertex 5.756939e-01 1.500000e+00 -1.500000e+00
    endloop
  endfacet
  facet normal 0.000000e+00 1.000000e+00 0.000000e+00
    outer loop
      vertex 5.756939e-01 1.500000e+00 -1.500000e+00
      vertex 6.250000e-01 1.500000e+00 -2.375000e+00
      vertex -1.542727e+00 1.500000e+00 -1.737682e+00
    endloop
  endfacet
  facet normal 0.000000e+00 1.000000e+00 0.000000e+00
    outer loop
      vertex 5.756939e-01 1.500000e+00 -1.500000e+00
      vertex -1.542727e+00 1.500000e+00 -1.737682e+00
      vertex -8.486122e-01 1.500000e+00 -1.500000e+00
    endloop
  endfacet
  facet normal 0.000000e+00 1.000000e+00 0.000000e+00
    outer loop
      vertex 7.250000e+00 1.500000e+00 3.000000e+00
      vertex 0.000000e+00 1.500000e+00 3.750000e+00
      vertex 0.000000e+00 1.500000e+00 3.875000e+00
    endloop
  endfacet
  facet normal 0.000000e+00 1.000000e+00 -0.000000e+00
    outer loop
      vertex 7.250000e+00 1.500000e+00 3.000000e+00
      vertex 0.000000e+00 1.500000e+00 3.875000e+00
      vertex 7.250000e+00 1.500000e+00 3.875000e+00
    endloop
  endfacet
  facet normal 0.000000e+00 1.000000e+00 0.000000e+00
    outer loop
      vertex -5.500000e+00 1.500000e+00 -1.000000e+00
      vertex -5.500000e+00 1.500000e+00 0.000000e+00
      vertex -3.500000e+00 1.500000e+00 2.143132e-16
    endloop
  endfacet
  facet normal 0.000000e+00 1.000000e+00 0.000000e+00
    outer loop
      vertex -5.500000e+00 1.500000e+00 -1.000000e+00
      vertex -3.500000e+00 1.500000e+00 2.143132e-16
      vertex -3.346203e+00 1.500000e+00 -7.173805e-01
    endloop
  endfacet
  facet normal -0.000000e+00 1.000000e+00 0.000000e+00
    outer loop
      vertex -5.500000e+00 1.500000e+00 -1.000000e+00
      vertex -3.346203e+00 1.500000e+00 -7.173805e-01
      vertex -2.911846e+00 1.500000e+00 -1.308669e+00
    endloop
  endfacet
  facet normal 0.000000e+00 1.000000e+00 0.000000e+00
    outer loop
      vertex -5.500000e+00 1.500000e+00 -1.000000e+00
      vertex -2.911846e+00 1.500000e+00 -1.308669e+00
      vertex -2.273274e+00 1.500000e+00 -1.669935e+00
    endloop
  endfacet
  facet normal 0.000000e+00 1.000000e+00 0.000000e+00
    outer loop
      vertex -5.500000e+00 1.500000e+00 -1.000000e+00
      vertex -2.273274e+00 1.500000e+00 -1.669935e+00
      vertex 6.250000e-01 1.500000e+00 -2.375000e+00
    endloop
  endfacet
  facet normal 0.000000e+00 1.000000e+00 0.000000e+00
    outer loop
      vertex -5.500000e+00 1.500000e+00 -1.000000e+00
      vertex 6.250000e-01 1.500000e+00 -2.375000e+00
      vertex -4.125000e+00 1.500000e+00 -2.375000e+00
    endloop
  endfacet
  facet normal 0.000000e+00 1.000000e+00 -0.000000e+00
    outer loop
      vertex -1.360588e+00 1.500000e+00 1.706124e+00
      vertex -1.750000e+00 1.500000e+00 1.750000e+00
      vertex 6.500000e+00 1.500000e+00 2.250000e+00
    endloop
  endfacet
  facet normal -0.000000e+00 1.000000e+00 0.000000e+00
    outer loop
      vertex -1.360588e+00 1.500000e+00 1.706124e+00
      vertex 6.500000e+00 1.500000e+00 2.250000e+00
      vertex 6.500000e+00 1.500000e+00 1.500000e+00
    endloop
  endfacet
  facet normal 0.000000e+00 1.000000e+00 0.000000e+00
    outer loop
      vertex -1.360588e+00 1.500000e+00 1.706124e+00
      vertex 6.500000e+00 1.500000e+00 1.500000e+00
      vertex 3.250000e+00 1.500000e+00 1.500000e+00
    endloop
  endfacet
  facet normal 0.000000e+00 1.000000e+00 0.000000e+00
    outer loop
      vertex -1.360588e+00 1.500000e+00 1.706124e+00
      vertex 3.250000e+00 1.500000e+00 1.500000e+00
      vertex 0.000000e+00 1.500000e+00 1.500000e+00
    endloop
  endfacet
  facet normal 0.000000e+00 1.000000e+00 0.000000e+00
    outer loop
      vertex -1.360588e+00 1.500000e+00 1.706124e+00
      vertex 0.000000e+00 1.500000e+00 1.500000e+00
      vertex -6.588929e-01 1.500000e+00 1.368205e+00
    endloop
  endfacet
  facet normal 0.000000e+00 1.000000e+00 0.000000e+00
    outer loop
      vertex 7.250000e+00 1.500000e+00 3.000000e+00
      vertex 6.500000e+00 1.500000e+00 3.000000e+00
      vertex -2.750000e+00 1.500000e+00 3.750000e+00
    endloop
  endfacet
  facet normal 0.000000e+00 1.000000e+00 0.000000e+00
    outer loop
      vertex 7.250000e+00 1.500000e+00 3.000000e+00
      vertex -2.750000e+00 1.500000e+00 3.750000e+00
      vertex -1.750000e+00 1.500000e+00 3.750000e+00
    endloop
  endfacet
  facet normal 0.000000e+00 1.000000e+00 0.000000e+00
    outer loop
      vertex 7.250000e+00 1.500000e+00 3.000000e+00
      vertex -1.750000e+00 1.500000e+00 3.750000e+00
      vertex -7.500000e-01 1.500000e+00 3.750000e+00
    endloop
  endfacet
endsolid
